age,job,marital,education,default,balance,housing,loan,contact,duration,campaign,poutcome,deposit_subscribed
58,blue-collar,single,tertiary,no,3157,yes,yes,cellular,894,1,unknown,yes
50,admin.,divorced,primary,no,10990,yes,no,telephone,43,2,unknown,no
27,services,married,primary,no,1084,yes,no,telephone,118,6,unknown,no
42,blue-collar,divorced,secondary,no,9633,no,no,cellular,172,1,unknown,no
23,services,single,secondary,no,9915,no,no,telephone,459,6,unknown,no
59,blue-collar,divorced,tertiary,no,11446,yes,no,telephone,1170,2,unknown,no
67,admin.,single,primary,no,6072,yes,no,telephone,465,6,unknown,no
59,self-employed,single,secondary,no,11705,no,no,telephone,847,3,unknown,no
50,self-employed,single,primary,no,2004,no,no,telephone,160,4,unknown,no
51,management,divorced,primary,no,1376,no,no,telephone,726,1,unknown,yes
18,management,divorced,primary,no,1243,no,no,cellular,343,3,failure,no
67,admin.,divorced,secondary,no,1332,no,no,telephone,520,1,unknown,no
23,blue-collar,divorced,secondary,no,11961,yes,yes,telephone,1155,2,unknown,no
45,services,divorced,tertiary,no,11180,yes,no,telephone,927,5,unknown,yes
22,retired,single,tertiary,no,9141,yes,yes,cellular,498,1,other,no
22,services,married,tertiary,no,8334,yes,no,telephone,527,4,failure,yes
24,entrepreneur,married,secondary,no,13653,no,no,cellular,154,4,failure,no
24,services,single,primary,no,1796,yes,no,cellular,184,4,failure,no
24,admin.,divorced,tertiary,no,1028,no,no,cellular,862,4,unknown,no
21,technician,married,primary,no,3845,no,no,telephone,896,6,success,yes
53,self-employed,single,primary,no,458,no,no,telephone,147,1,unknown,no
51,technician,single,tertiary,no,2544,yes,yes,cellular,856,1,success,yes
55,admin.,divorced,primary,no,9062,no,no,telephone,448,6,failure,yes
43,technician,divorced,tertiary,no,4680,no,no,cellular,968,5,success,yes
22,services,divorced,secondary,no,5218,no,no,telephone,613,2,unknown,yes
37,admin.,divorced,tertiary,no,10368,yes,no,telephone,266,1,failure,no
36,services,divorced,secondary,no,9891,no,no,telephone,134,1,unknown,no
20,admin.,married,primary,no,3791,yes,no,telephone,1178,1,unknown,no
62,technician,divorced,primary,no,9043,no,no,cellular,661,3,other,no
20,retired,single,tertiary,no,1184,yes,no,telephone,346,2,other,no
69,technician,married,primary,no,14646,yes,no,cellular,576,2,failure,yes
20,self-employed,single,primary,no,7041,yes,no,cellular,486,1,unknown,yes
35,blue-collar,married,secondary,no,6048,no,no,telephone,86,1,other,no
55,management,single,primary,no,5163,no,no,cellular,818,5,unknown,yes
45,admin.,divorced,tertiary,no,14905,no,no,telephone,913,1,success,yes
57,retired,divorced,primary,no,4420,yes,no,telephone,854,6,unknown,yes
44,entrepreneur,divorced,tertiary,no,9584,no,no,cellular,652,3,unknown,no
56,retired,married,secondary,no,3001,yes,no,cellular,203,3,unknown,no
39,blue-collar,single,tertiary,no,12714,yes,yes,cellular,1003,5,failure,yes
44,services,divorced,tertiary,no,6047,yes,no,cellular,248,4,unknown,no
62,self-employed,single,tertiary,no,13399,yes,yes,telephone,1117,5,unknown,no
46,entrepreneur,divorced,secondary,no,11684,no,no,cellular,597,5,unknown,yes
46,blue-collar,divorced,secondary,no,5002,yes,no,cellular,338,2,unknown,yes
31,blue-collar,married,secondary,no,7133,yes,no,telephone,827,5,success,yes
66,entrepreneur,married,primary,no,4392,no,no,telephone,1132,6,failure,no
32,self-employed,single,secondary,no,-25,yes,no,telephone,368,4,other,no
52,admin.,married,tertiary,no,-56,yes,no,telephone,402,1,unknown,no
47,retired,married,secondary,no,13130,yes,no,telephone,69,6,unknown,no
40,services,divorced,primary,no,10178,yes,yes,cellular,438,1,unknown,yes
48,blue-collar,divorced,primary,no,3698,no,no,cellular,365,3,unknown,yes
37,entrepreneur,married,tertiary,no,9200,no,no,cellular,647,6,unknown,yes
54,admin.,married,tertiary,no,5571,yes,no,cellular,890,4,unknown,no
58,self-employed,divorced,primary,no,11522,yes,no,telephone,982,4,failure,yes
38,services,single,secondary,no,3495,no,no,telephone,718,1,unknown,yes
49,services,married,secondary,no,13923,no,no,cellular,1088,2,unknown,yes
49,services,divorced,secondary,no,7541,yes,yes,telephone,483,4,unknown,yes
55,retired,married,tertiary,no,6471,no,no,telephone,959,3,unknown,yes
64,services,married,primary,no,11987,no,no,telephone,596,6,unknown,no
56,management,single,primary,no,5412,yes,yes,cellular,591,1,success,yes
62,technician,divorced,secondary,no,-300,no,no,telephone,727,2,success,yes
48,blue-collar,single,secondary,no,8953,no,yes,cellular,1182,3,unknown,yes
53,entrepreneur,divorced,tertiary,no,3197,no,no,telephone,638,5,success,yes
57,admin.,divorced,tertiary,no,11996,yes,no,cellular,351,2,unknown,yes
18,entrepreneur,married,tertiary,no,4271,yes,no,telephone,959,1,unknown,no
68,services,married,primary,no,10110,yes,no,cellular,176,1,unknown,no
65,management,married,primary,no,4482,no,no,telephone,926,1,unknown,no
65,retired,divorced,secondary,no,3250,no,no,cellular,581,5,unknown,no
48,self-employed,married,primary,no,6641,no,no,cellular,992,3,unknown,yes
24,technician,married,secondary,no,4222,no,no,cellular,961,1,unknown,yes
67,entrepreneur,divorced,primary,no,8389,yes,yes,telephone,1050,6,unknown,yes
35,technician,married,secondary,no,7441,yes,no,cellular,354,3,unknown,no
23,services,single,secondary,no,10112,no,no,telephone,1072,6,unknown,no
48,services,married,tertiary,no,2622,no,no,cellular,172,3,failure,no
39,management,single,secondary,no,13221,no,no,telephone,334,4,unknown,yes
53,entrepreneur,married,secondary,no,10927,yes,no,telephone,119,3,failure,no
69,entrepreneur,married,tertiary,no,10182,no,no,cellular,288,5,success,yes
24,self-employed,single,tertiary,no,-249,no,no,cellular,183,4,failure,no
57,entrepreneur,divorced,primary,no,13464,no,no,telephone,1029,5,unknown,yes
58,management,single,tertiary,no,1112,no,no,cellular,938,2,unknown,no
20,retired,single,secondary,no,6556,yes,no,cellular,378,2,unknown,no
57,services,married,tertiary,no,7055,no,no,cellular,982,3,unknown,yes
46,retired,divorced,secondary,no,6451,no,no,telephone,437,4,other,yes
42,retired,divorced,secondary,no,4337,yes,no,telephone,592,1,unknown,no
65,admin.,divorced,tertiary,no,14313,no,no,cellular,751,2,unknown,yes
61,technician,divorced,primary,no,10089,yes,no,cellular,777,6,unknown,no
38,entrepreneur,single,primary,no,8337,no,no,telephone,366,3,other,no
69,management,divorced,secondary,no,7173,no,yes,cellular,843,5,unknown,no
18,management,divorced,primary,no,10523,no,no,telephone,790,1,unknown,yes
57,retired,divorced,primary,no,9910,no,no,telephone,866,1,unknown,no
37,self-employed,single,primary,no,8307,yes,no,telephone,346,4,unknown,no
57,entrepreneur,married,primary,no,3059,yes,no,telephone,233,6,unknown,no
59,retired,single,secondary,no,1501,no,no,cellular,464,6,unknown,no
21,retired,single,primary,no,2862,yes,no,cellular,472,2,unknown,yes
56,admin.,married,primary,no,8350,yes,no,cellular,299,1,unknown,no
55,retired,single,primary,no,1576,no,no,cellular,1005,4,failure,yes
24,self-employed,divorced,primary,no,210,no,no,telephone,968,6,success,yes
48,entrepreneur,married,tertiary,no,11171,no,yes,cellular,689,5,unknown,yes
57,retired,married,tertiary,no,6933,yes,no,cellular,1159,6,other,yes
32,entrepreneur,married,secondary,no,11453,yes,no,telephone,796,2,unknown,yes
23,blue-collar,single,secondary,no,11604,yes,yes,cellular,1180,5,unknown,yes
40,entrepreneur,divorced,primary,no,9337,yes,yes,cellular,346,6,unknown,no
40,retired,single,secondary,no,12725,yes,no,cellular,577,1,unknown,no
37,retired,married,primary,no,1847,no,no,cellular,92,1,failure,no
44,self-employed,married,primary,no,11322,yes,no,cellular,137,2,unknown,no
61,blue-collar,married,secondary,no,7457,no,no,cellular,1079,1,unknown,yes
61,self-employed,divorced,tertiary,no,3112,yes,no,cellular,448,3,success,no
66,management,married,secondary,no,7649,no,no,telephone,1120,6,unknown,yes
60,retired,single,secondary,no,193,yes,no,cellular,671,5,unknown,yes
58,entrepreneur,married,primary,no,4821,yes,no,telephone,771,1,unknown,yes
45,entrepreneur,divorced,primary,no,4583,no,no,cellular,186,5,unknown,no
30,retired,married,tertiary,no,10074,no,no,cellular,554,2,unknown,yes
66,blue-collar,single,tertiary,no,11860,no,no,telephone,677,2,unknown,yes
58,management,married,tertiary,no,7812,yes,no,cellular,146,3,failure,yes
23,entrepreneur,married,tertiary,no,12473,no,yes,cellular,688,5,unknown,yes
21,self-employed,single,secondary,no,881,yes,no,cellular,926,4,unknown,no
41,retired,married,secondary,no,5043,no,yes,telephone,164,3,unknown,no
36,management,divorced,tertiary,no,9374,no,no,cellular,746,3,success,yes
43,technician,divorced,tertiary,no,4572,no,no,telephone,291,6,failure,no
61,blue-collar,divorced,tertiary,no,5428,yes,no,cellular,729,4,unknown,no
27,blue-collar,married,primary,no,8343,no,no,cellular,719,5,unknown,yes
28,technician,divorced,tertiary,no,2212,no,yes,telephone,516,4,unknown,no
68,self-employed,single,tertiary,no,12748,no,no,cellular,783,6,success,yes
47,management,married,tertiary,no,2155,no,no,cellular,542,1,unknown,no
53,blue-collar,divorced,tertiary,no,4170,yes,no,telephone,1081,2,failure,yes
32,self-employed,married,primary,no,5995,yes,no,cellular,797,2,unknown,no
63,retired,single,primary,no,14530,no,no,cellular,990,4,unknown,no
19,management,single,primary,no,11415,no,no,telephone,516,3,unknown,yes
58,self-employed,single,primary,no,7689,no,yes,cellular,324,3,unknown,no
33,entrepreneur,single,tertiary,no,8076,no,yes,cellular,829,4,unknown,yes
41,management,divorced,primary,no,606,yes,no,cellular,710,2,unknown,yes
70,technician,divorced,secondary,no,7340,no,no,cellular,967,1,unknown,yes
30,admin.,married,secondary,no,12859,yes,no,cellular,615,3,other,yes
59,retired,married,primary,no,6659,no,no,telephone,724,2,unknown,yes
69,management,single,tertiary,no,6555,no,no,telephone,687,1,unknown,yes
37,self-employed,divorced,tertiary,no,10801,yes,no,telephone,920,3,unknown,no
21,blue-collar,divorced,tertiary,no,7906,no,no,cellular,322,5,unknown,yes
26,blue-collar,single,tertiary,no,5772,no,yes,cellular,951,3,unknown,no
54,technician,divorced,secondary,no,10142,yes,no,cellular,411,4,unknown,no
25,management,married,tertiary,no,9524,yes,no,telephone,439,1,unknown,yes
29,self-employed,single,tertiary,no,4736,no,no,telephone,644,2,failure,no
58,technician,married,tertiary,no,2792,no,no,telephone,83,3,unknown,no
69,technician,divorced,primary,no,6023,no,no,telephone,868,5,unknown,no
59,blue-collar,married,secondary,no,5144,yes,no,cellular,294,4,unknown,no
25,technician,married,primary,no,14814,no,no,telephone,191,3,unknown,no
35,technician,divorced,secondary,no,1030,yes,no,cellular,380,6,unknown,no
39,admin.,single,primary,no,10009,no,no,cellular,883,5,unknown,yes
58,management,divorced,secondary,no,12684,no,no,telephone,179,6,unknown,no
48,self-employed,single,secondary,no,4621,no,no,telephone,846,2,failure,yes
24,retired,single,secondary,no,6866,yes,yes,telephone,816,5,unknown,no
28,retired,divorced,tertiary,no,12002,yes,no,telephone,1051,3,unknown,yes
43,self-employed,single,primary,no,297,yes,no,telephone,615,5,unknown,yes
26,management,divorced,secondary,no,5495,yes,yes,cellular,772,5,unknown,yes
46,management,divorced,tertiary,no,1608,no,no,telephone,1172,3,failure,yes
50,entrepreneur,divorced,primary,no,1745,no,no,telephone,335,5,other,yes
57,retired,single,secondary,no,11613,no,no,telephone,1182,3,unknown,yes
39,blue-collar,married,tertiary,no,14225,no,no,cellular,1001,3,success,yes
67,services,divorced,primary,no,2293,yes,no,telephone,332,6,unknown,no
62,blue-collar,single,primary,no,6361,yes,no,telephone,1057,5,other,no
65,admin.,divorced,primary,no,8689,yes,no,telephone,672,2,unknown,yes
52,retired,divorced,tertiary,no,12667,no,no,cellular,534,3,unknown,yes
37,management,divorced,primary,no,7511,yes,no,telephone,619,1,unknown,yes
43,retired,single,secondary,no,11200,yes,no,telephone,1011,2,unknown,yes
53,management,single,primary,no,9114,yes,yes,cellular,506,1,unknown,yes
48,blue-collar,divorced,primary,yes,8516,no,no,telephone,1007,6,unknown,no
38,management,divorced,primary,no,965,no,no,cellular,388,4,other,yes
20,entrepreneur,married,primary,no,13791,no,no,cellular,641,5,unknown,no
39,management,married,tertiary,no,7592,no,yes,telephone,588,2,failure,yes
64,self-employed,divorced,secondary,no,-270,no,no,cellular,389,5,other,no
70,entrepreneur,divorced,secondary,no,10465,yes,no,telephone,692,2,unknown,yes
46,management,married,secondary,no,8886,yes,no,cellular,157,6,unknown,no
43,management,divorced,primary,no,14911,yes,no,cellular,303,4,unknown,no
56,retired,married,tertiary,no,7214,no,no,cellular,536,6,failure,no
23,self-employed,divorced,tertiary,no,14528,no,yes,cellular,1129,2,unknown,no
46,blue-collar,divorced,primary,no,7508,yes,no,cellular,958,2,unknown,yes
21,self-employed,divorced,secondary,no,5987,yes,yes,cellular,179,1,unknown,no
52,admin.,single,secondary,no,6198,yes,yes,telephone,796,4,unknown,no
42,entrepreneur,single,tertiary,no,13828,yes,no,telephone,272,2,success,yes
26,services,single,primary,no,7085,no,no,telephone,500,2,unknown,yes
30,blue-collar,single,tertiary,no,12051,no,no,cellular,452,1,unknown,yes
56,admin.,single,tertiary,no,6691,yes,no,cellular,316,5,success,yes
64,retired,divorced,tertiary,no,12908,yes,no,cellular,1097,2,unknown,yes
53,technician,divorced,tertiary,no,7620,yes,no,telephone,1104,3,unknown,yes
37,entrepreneur,single,tertiary,no,13415,yes,no,cellular,978,1,unknown,no
53,technician,married,primary,no,4911,no,no,telephone,219,5,failure,yes
35,entrepreneur,divorced,tertiary,no,13813,yes,no,cellular,1011,2,other,yes
18,services,single,tertiary,no,11858,yes,no,cellular,842,2,unknown,no
42,self-employed,divorced,tertiary,no,3785,yes,no,telephone,231,6,unknown,no
31,retired,married,secondary,no,13657,yes,yes,telephone,1163,5,unknown,yes
27,services,married,primary,no,13153,yes,no,telephone,557,4,success,yes
49,self-employed,single,tertiary,no,2273,yes,no,cellular,1140,6,success,yes
22,admin.,single,secondary,no,9833,yes,no,cellular,477,5,unknown,yes
58,self-employed,divorced,secondary,yes,8219,no,yes,telephone,1127,3,unknown,no
61,entrepreneur,single,primary,no,8091,yes,no,telephone,755,3,failure,yes
43,self-employed,divorced,primary,no,3200,yes,no,cellular,94,1,unknown,no
48,admin.,divorced,primary,no,854,yes,no,telephone,1188,1,other,no
32,services,divorced,tertiary,no,262,no,no,telephone,1142,5,unknown,yes
38,admin.,single,tertiary,no,12946,no,no,cellular,642,2,unknown,yes
42,retired,married,tertiary,no,10793,no,no,telephone,139,1,unknown,no
39,entrepreneur,married,primary,no,12337,no,no,telephone,1162,4,unknown,yes
60,entrepreneur,single,tertiary,no,3537,no,yes,cellular,808,6,failure,yes
42,retired,married,primary,no,14949,yes,no,telephone,239,2,unknown,no
53,entrepreneur,single,primary,no,8580,yes,no,telephone,818,1,unknown,yes
23,services,divorced,tertiary,no,5737,yes,no,telephone,1039,2,unknown,yes
44,management,married,primary,no,14970,yes,no,cellular,967,1,unknown,yes
43,retired,divorced,secondary,no,4899,yes,no,cellular,645,3,unknown,yes
48,retired,single,secondary,no,4275,no,no,cellular,697,4,unknown,no
41,blue-collar,divorced,primary,no,8439,yes,no,cellular,975,6,unknown,no
62,blue-collar,married,tertiary,no,9876,yes,no,cellular,896,4,unknown,no
48,entrepreneur,divorced,tertiary,no,13748,no,no,telephone,1129,5,unknown,yes
67,services,divorced,tertiary,no,10100,no,no,telephone,709,4,unknown,yes
32,services,married,secondary,no,12154,no,no,cellular,736,1,unknown,yes
23,blue-collar,divorced,primary,no,5120,yes,no,telephone,743,4,unknown,no
46,retired,single,secondary,no,11145,yes,no,cellular,366,6,unknown,yes
28,retired,divorced,secondary,no,3298,no,no,cellular,915,4,unknown,yes
30,self-employed,divorced,secondary,no,11046,yes,no,cellular,238,5,unknown,no
47,blue-collar,married,tertiary,no,8146,no,no,telephone,833,5,unknown,yes
47,technician,divorced,tertiary,no,14551,no,yes,cellular,671,1,unknown,yes
41,technician,divorced,secondary,no,1758,no,no,telephone,1130,6,other,no
29,technician,married,secondary,no,4654,no,no,telephone,49,4,unknown,no
53,self-employed,married,tertiary,no,11134,no,no,cellular,1187,1,failure,yes
20,management,single,tertiary,no,12291,yes,no,telephone,1155,5,unknown,yes
67,retired,divorced,primary,no,6731,yes,no,cellular,536,3,other,yes
34,retired,single,secondary,no,1423,no,no,telephone,906,2,unknown,no
70,services,single,tertiary,no,4105,no,no,telephone,622,5,unknown,no
61,blue-collar,single,secondary,no,4043,no,yes,cellular,541,2,failure,no
66,entrepreneur,married,primary,no,3902,no,no,cellular,220,4,unknown,no
41,self-employed,married,secondary,no,13736,no,no,telephone,763,1,failure,yes
45,services,married,secondary,no,4146,yes,no,telephone,733,6,failure,yes
58,self-employed,single,primary,no,2088,yes,yes,telephone,444,6,other,no
37,technician,married,primary,no,3602,yes,no,cellular,136,4,unknown,no
66,services,married,tertiary,no,1059,yes,no,cellular,493,5,unknown,yes
62,retired,single,secondary,no,7326,yes,no,cellular,241,3,unknown,no
42,technician,divorced,tertiary,no,8191,no,no,cellular,931,3,failure,yes
27,entrepreneur,divorced,tertiary,no,3059,yes,yes,cellular,816,3,success,yes
26,services,married,tertiary,no,8566,no,no,telephone,84,6,other,no
56,services,divorced,secondary,no,394,no,no,cellular,1043,4,unknown,yes
56,blue-collar,divorced,primary,no,14801,yes,no,telephone,778,5,unknown,no
67,blue-collar,single,tertiary,no,3795,yes,no,telephone,1067,3,unknown,yes
44,entrepreneur,divorced,secondary,no,8291,yes,no,cellular,664,1,unknown,yes
69,technician,divorced,secondary,no,9892,no,no,cellular,665,6,unknown,no
33,admin.,single,primary,no,1400,yes,no,telephone,389,1,unknown,yes
18,technician,married,secondary,no,12328,no,no,telephone,289,6,failure,no
25,admin.,married,secondary,no,546,yes,no,cellular,1046,4,unknown,yes
54,technician,married,primary,no,1185,no,no,cellular,497,6,unknown,yes
18,services,single,secondary,no,14576,yes,no,cellular,1162,6,failure,yes
38,services,married,tertiary,no,13033,yes,no,cellular,397,2,failure,no
43,blue-collar,married,secondary,no,4590,yes,no,cellular,785,2,unknown,no
65,services,married,secondary,no,7583,no,no,cellular,338,1,success,yes
52,retired,divorced,tertiary,no,4988,yes,no,telephone,242,2,unknown,no
49,admin.,single,tertiary,no,219,no,no,telephone,792,4,success,yes
24,technician,divorced,secondary,no,8803,yes,no,cellular,514,3,unknown,yes
69,entrepreneur,divorced,tertiary,no,6917,yes,yes,cellular,308,5,unknown,yes
46,self-employed,married,secondary,no,5370,no,no,telephone,978,3,other,yes
69,management,divorced,tertiary,no,3022,no,no,cellular,538,3,unknown,yes
37,management,single,primary,no,13501,yes,no,cellular,223,4,unknown,no
25,admin.,single,primary,no,12995,yes,no,cellular,560,1,unknown,yes
59,self-employed,single,primary,no,13088,no,yes,telephone,133,2,other,no
64,entrepreneur,married,primary,no,6490,yes,no,cellular,593,3,unknown,yes
57,services,divorced,secondary,no,13963,no,yes,telephone,814,2,unknown,yes
69,services,divorced,tertiary,no,5766,no,no,telephone,734,5,unknown,yes
29,admin.,married,tertiary,no,14176,no,no,telephone,1114,3,failure,no
28,blue-collar,single,tertiary,no,8243,no,no,cellular,479,5,failure,no
40,technician,single,primary,no,12708,no,no,cellular,750,5,unknown,yes
30,self-employed,divorced,secondary,no,121,yes,no,cellular,70,5,unknown,no
57,services,single,secondary,no,14553,no,no,cellular,74,2,unknown,no
67,blue-collar,divorced,secondary,no,5620,no,no,cellular,719,3,unknown,no
64,entrepreneur,divorced,secondary,no,2354,no,no,telephone,487,6,unknown,yes
37,management,single,primary,no,11001,no,no,cellular,402,5,unknown,no
57,services,divorced,tertiary,no,7629,yes,no,cellular,740,3,unknown,no
23,retired,married,primary,no,3588,no,no,cellular,32,1,unknown,no
28,entrepreneur,married,secondary,no,5649,yes,no,cellular,363,4,unknown,no
36,admin.,married,secondary,no,715,yes,no,cellular,183,5,success,no
39,self-employed,divorced,primary,no,10209,yes,no,cellular,139,1,unknown,no
44,management,divorced,secondary,no,1071,yes,no,telephone,344,1,unknown,no
36,self-employed,single,primary,no,2298,no,no,telephone,266,3,failure,no
60,management,single,tertiary,no,2529,yes,no,cellular,942,1,unknown,yes
32,management,divorced,primary,no,10910,no,yes,telephone,1138,4,success,yes
53,admin.,married,tertiary,no,8273,no,no,cellular,1005,3,unknown,no
63,admin.,divorced,tertiary,no,12614,no,no,cellular,276,4,unknown,no
31,services,single,primary,no,10692,yes,no,cellular,558,3,other,no
22,blue-collar,married,tertiary,no,4843,no,no,cellular,1100,4,unknown,yes
54,blue-collar,single,tertiary,no,12373,yes,no,telephone,871,3,unknown,yes
56,self-employed,single,primary,no,1856,no,no,telephone,109,4,other,no
33,admin.,divorced,secondary,no,14196,yes,no,telephone,666,3,failure,no
61,blue-collar,single,primary,no,11685,yes,no,telephone,883,5,unknown,yes
31,entrepreneur,divorced,secondary,no,13708,yes,yes,cellular,164,3,failure,no
67,admin.,single,primary,no,2788,no,no,telephone,133,3,failure,no
70,self-employed,divorced,secondary,no,1529,no,no,telephone,943,2,success,yes
53,retired,married,primary,no,3737,no,no,telephone,86,4,unknown,no
67,services,single,tertiary,no,2887,yes,no,cellular,48,4,other,no
56,admin.,single,secondary,no,14950,yes,no,telephone,897,4,other,yes
31,self-employed,married,tertiary,no,9717,yes,yes,telephone,1179,6,unknown,yes
61,blue-collar,married,primary,no,4029,no,no,telephone,641,2,unknown,no
21,entrepreneur,divorced,secondary,no,11317,yes,no,telephone,561,4,unknown,no
55,services,married,tertiary,no,10744,yes,no,telephone,1068,3,failure,no
53,technician,married,primary,no,11639,yes,no,cellular,717,6,unknown,yes
65,management,married,secondary,no,9093,yes,no,telephone,139,6,unknown,no
22,self-employed,single,tertiary,no,10652,yes,no,cellular,338,2,success,yes
54,self-employed,single,secondary,no,2454,no,no,cellular,671,6,unknown,yes
31,technician,divorced,primary,no,12010,no,yes,telephone,909,4,unknown,yes
18,admin.,divorced,primary,no,-270,no,no,cellular,66,6,unknown,no
32,retired,married,primary,no,7746,no,no,cellular,640,3,unknown,yes
51,retired,married,tertiary,no,5115,no,no,cellular,367,4,unknown,yes
26,services,divorced,primary,no,2268,yes,no,cellular,798,6,unknown,yes
21,admin.,divorced,primary,no,-177,yes,yes,telephone,808,1,unknown,yes
27,services,divorced,tertiary,no,4433,yes,yes,telephone,310,4,failure,yes
64,blue-collar,married,primary,no,7654,yes,no,telephone,1101,2,unknown,yes
28,admin.,divorced,secondary,no,10775,no,no,cellular,56,6,unknown,yes
54,self-employed,single,primary,no,729,no,yes,telephone,503,4,success,yes
47,admin.,single,primary,no,13463,yes,no,telephone,902,6,unknown,no
20,admin.,single,tertiary,no,4884,yes,no,telephone,220,3,failure,no
43,entrepreneur,married,secondary,no,10803,no,no,cellular,261,2,unknown,yes
28,blue-collar,married,tertiary,no,8821,no,no,telephone,764,5,unknown,yes
64,technician,married,secondary,no,6238,yes,yes,telephone,55,6,other,no
65,services,divorced,secondary,no,10776,no,yes,cellular,1016,3,unknown,yes
27,admin.,single,tertiary,no,7783,no,no,cellular,183,4,unknown,no
35,admin.,divorced,primary,no,5703,yes,no,telephone,939,5,unknown,no
46,retired,single,secondary,no,-209,yes,no,cellular,216,5,success,no
50,services,divorced,tertiary,no,5084,yes,yes,cellular,960,3,unknown,yes
48,retired,divorced,secondary,no,11940,no,yes,telephone,627,5,unknown,yes
20,technician,married,primary,no,11665,no,yes,cellular,414,1,success,yes
47,services,divorced,secondary,no,6290,yes,no,cellular,952,4,unknown,no
26,self-employed,single,tertiary,no,8564,no,no,telephone,1071,2,unknown,yes
70,technician,single,secondary,no,9431,no,no,telephone,887,5,other,no
35,entrepreneur,married,secondary,no,1685,yes,no,telephone,1151,3,failure,no
58,services,single,primary,no,4260,no,no,cellular,394,5,unknown,no
63,blue-collar,married,tertiary,no,8849,no,no,telephone,895,1,unknown,yes
27,admin.,divorced,primary,no,11791,no,no,telephone,329,1,unknown,yes
66,admin.,married,secondary,no,13721,no,no,cellular,1179,4,unknown,no
69,management,divorced,tertiary,no,5751,yes,no,telephone,1160,1,unknown,yes
57,self-employed,single,tertiary,no,10110,yes,no,cellular,426,3,unknown,no
22,technician,single,tertiary,no,5680,yes,no,telephone,296,2,unknown,no
39,self-employed,divorced,primary,no,14714,yes,yes,telephone,1034,5,unknown,yes
63,retired,divorced,primary,no,8029,yes,no,telephone,1142,5,unknown,yes
31,retired,married,secondary,no,11831,no,no,cellular,264,6,unknown,no
59,services,single,tertiary,no,5748,no,no,telephone,555,5,failure,yes
51,retired,divorced,tertiary,no,218,yes,no,telephone,1082,1,success,yes
67,admin.,divorced,primary,no,9813,no,no,telephone,242,2,unknown,no
65,entrepreneur,divorced,primary,no,2019,yes,no,cellular,209,1,unknown,no
53,blue-collar,divorced,primary,no,6178,yes,no,telephone,677,1,unknown,yes
18,blue-collar,divorced,tertiary,no,13397,yes,no,cellular,623,6,unknown,yes
66,self-employed,married,secondary,no,4,yes,no,cellular,830,5,unknown,no
37,retired,single,tertiary,no,1816,yes,yes,telephone,1130,5,success,yes
65,retired,single,secondary,no,13450,yes,no,cellular,547,2,unknown,no
54,admin.,divorced,secondary,no,698,yes,yes,cellular,434,6,unknown,no
40,technician,divorced,tertiary,no,4171,no,no,telephone,1025,4,unknown,yes
62,technician,divorced,tertiary,no,4682,no,no,telephone,534,2,failure,no
35,retired,single,tertiary,no,13883,yes,no,telephone,1027,5,unknown,yes
23,management,single,tertiary,no,11518,no,yes,cellular,68,5,unknown,no
55,entrepreneur,divorced,primary,no,8537,yes,no,telephone,334,3,unknown,no
55,management,single,secondary,no,983,yes,no,cellular,369,5,unknown,yes
54,technician,divorced,tertiary,no,5378,yes,no,cellular,158,3,unknown,yes
31,retired,married,secondary,no,13943,yes,no,telephone,241,6,success,no
35,management,divorced,tertiary,no,5671,no,no,cellular,1088,3,unknown,no
51,entrepreneur,married,secondary,no,7398,no,yes,cellular,930,2,unknown,yes
35,services,single,primary,no,9363,no,yes,cellular,879,3,failure,yes
48,self-employed,single,tertiary,no,13153,yes,no,cellular,359,2,unknown,yes
54,technician,single,primary,no,2449,yes,no,cellular,610,1,unknown,no
48,self-employed,single,primary,no,9344,yes,no,cellular,1076,3,unknown,yes
47,blue-collar,single,secondary,no,1278,yes,no,telephone,336,5,unknown,no
57,admin.,divorced,tertiary,no,1026,yes,yes,cellular,913,5,unknown,no
62,entrepreneur,single,secondary,no,5746,yes,no,cellular,901,2,unknown,no
23,management,divorced,tertiary,no,2596,yes,no,cellular,1100,1,unknown,yes
31,retired,married,secondary,no,6480,no,no,telephone,1186,3,unknown,no
43,services,married,tertiary,no,7404,yes,no,telephone,549,3,unknown,no
43,technician,divorced,primary,no,6817,no,no,cellular,469,5,unknown,yes
53,admin.,single,secondary,no,-414,no,no,telephone,921,1,unknown,yes
23,admin.,divorced,secondary,no,6064,no,no,cellular,388,6,unknown,yes
60,management,single,primary,no,7864,yes,no,cellular,103,3,unknown,yes
28,blue-collar,married,secondary,no,5974,yes,no,cellular,170,1,unknown,no
53,retired,married,secondary,no,2687,yes,no,cellular,564,2,unknown,yes
22,management,married,primary,no,3722,no,no,telephone,936,4,unknown,no
66,retired,married,tertiary,no,9114,no,no,telephone,168,4,unknown,no
61,services,married,secondary,no,7962,yes,no,telephone,538,3,unknown,no
70,retired,single,tertiary,no,7307,yes,no,telephone,404,6,unknown,no
49,services,single,tertiary,no,3848,yes,no,cellular,759,2,failure,yes
23,self-employed,divorced,primary,no,8371,no,no,telephone,675,4,other,no
54,management,married,primary,no,14507,yes,no,cellular,140,5,failure,no
52,admin.,divorced,secondary,no,10744,no,no,cellular,1091,4,unknown,yes
61,services,married,tertiary,no,5424,no,no,telephone,515,3,unknown,no
41,technician,married,secondary,no,10980,no,no,telephone,602,4,unknown,yes
54,services,single,tertiary,no,3363,no,no,cellular,328,6,unknown,no
29,entrepreneur,married,primary,no,13416,no,no,telephone,1026,3,unknown,no
21,entrepreneur,single,tertiary,no,3030,no,no,cellular,951,6,unknown,yes
53,management,married,primary,no,5252,no,no,cellular,1132,2,success,yes
38,self-employed,divorced,secondary,no,5743,no,no,cellular,373,6,failure,yes
58,entrepreneur,single,primary,no,3239,yes,no,telephone,839,3,other,no
41,self-employed,married,primary,no,-122,yes,no,telephone,193,2,unknown,no
22,self-employed,divorced,primary,no,6004,yes,no,cellular,567,5,unknown,no
42,management,single,primary,no,6760,no,yes,cellular,88,1,unknown,no
38,self-employed,married,tertiary,no,8487,yes,no,cellular,965,6,failure,no
45,management,married,secondary,no,12684,yes,no,telephone,562,2,unknown,yes
70,technician,married,secondary,no,-364,no,no,telephone,643,1,failure,no
56,services,single,tertiary,no,6245,no,no,cellular,364,6,failure,yes
42,services,married,primary,no,3424,yes,no,telephone,613,6,failure,no
44,services,single,primary,no,1308,no,no,telephone,1037,2,unknown,yes
52,admin.,single,primary,no,1548,no,no,cellular,214,2,unknown,no
44,management,married,secondary,no,12466,yes,yes,cellular,144,3,failure,yes
48,technician,single,secondary,no,13070,yes,no,cellular,818,4,unknown,no
30,self-employed,divorced,primary,no,2915,yes,no,telephone,691,2,unknown,yes
53,blue-collar,married,secondary,no,2755,yes,yes,cellular,261,2,unknown,no
28,management,divorced,primary,no,3482,yes,yes,telephone,347,3,failure,yes
49,blue-collar,divorced,tertiary,no,11944,no,yes,cellular,1128,1,unknown,yes
53,retired,married,tertiary,no,10792,yes,no,telephone,110,4,failure,no
52,self-employed,single,tertiary,no,5196,yes,no,cellular,171,5,unknown,no
34,retired,married,primary,no,7789,yes,no,cellular,775,5,unknown,no
60,entrepreneur,single,tertiary,no,12045,no,no,telephone,869,6,unknown,yes
60,blue-collar,single,primary,no,12,yes,no,cellular,95,5,unknown,no
49,management,single,secondary,no,11261,yes,no,cellular,1036,1,unknown,yes
41,entrepreneur,married,tertiary,no,9607,yes,yes,cellular,652,1,success,yes
24,blue-collar,divorced,primary,no,2604,yes,no,cellular,1173,6,unknown,no
67,retired,divorced,secondary,no,6497,no,no,cellular,1156,4,unknown,yes
52,self-employed,married,secondary,no,4819,no,no,telephone,692,5,unknown,yes
42,management,married,secondary,no,6005,yes,yes,telephone,63,5,unknown,no
18,management,single,primary,no,-145,no,no,telephone,1163,5,unknown,no
27,blue-collar,single,secondary,no,1767,yes,no,cellular,507,3,failure,yes
43,services,divorced,primary,no,12490,yes,no,cellular,645,1,failure,yes
23,admin.,married,secondary,no,6615,yes,no,cellular,53,6,failure,no
37,admin.,married,tertiary,no,4854,yes,no,cellular,834,4,failure,yes
23,services,married,secondary,no,1925,yes,yes,cellular,1152,4,unknown,yes
45,technician,single,secondary,no,7493,yes,no,cellular,526,1,unknown,no
61,blue-collar,single,tertiary,no,5484,yes,no,cellular,654,2,success,yes
69,self-employed,divorced,primary,no,14642,no,no,telephone,349,6,other,yes
21,services,divorced,primary,no,12937,yes,no,cellular,654,4,unknown,yes
65,services,single,tertiary,no,3737,yes,no,cellular,67,4,unknown,no
20,management,single,primary,no,12430,no,no,telephone,47,1,unknown,no
60,retired,single,primary,no,13973,no,no,telephone,1071,6,unknown,yes
56,blue-collar,single,primary,no,7003,no,no,cellular,536,5,unknown,no
65,technician,single,secondary,no,5322,no,no,telephone,156,6,unknown,no
70,admin.,divorced,secondary,no,5099,no,no,cellular,812,5,success,yes
58,services,married,primary,no,6487,no,no,telephone,949,5,unknown,yes
55,services,single,secondary,no,14223,yes,yes,cellular,1186,2,unknown,yes
64,blue-collar,single,secondary,no,1884,no,no,telephone,872,3,unknown,no
58,management,single,primary,no,2526,yes,no,telephone,1191,5,unknown,yes
61,admin.,married,primary,no,7308,yes,no,telephone,795,2,other,yes
26,technician,single,primary,no,12026,no,no,telephone,485,6,unknown,yes
31,blue-collar,single,secondary,no,7527,no,no,cellular,905,4,failure,yes
70,entrepreneur,divorced,secondary,no,14886,no,no,cellular,1096,1,unknown,no
20,services,divorced,tertiary,no,11545,yes,no,cellular,418,3,unknown,no
67,management,married,primary,no,9545,no,no,cellular,979,6,unknown,yes
25,technician,divorced,tertiary,no,5940,yes,no,cellular,959,5,other,no
47,blue-collar,married,secondary,no,14362,no,no,cellular,216,1,failure,no
23,entrepreneur,divorced,tertiary,no,2119,yes,no,cellular,716,5,other,no
28,technician,single,tertiary,no,4547,yes,no,telephone,621,6,unknown,no
30,admin.,divorced,secondary,yes,7653,no,no,cellular,1040,2,unknown,yes
47,entrepreneur,married,primary,no,-393,yes,no,cellular,130,2,unknown,no
20,technician,single,tertiary,no,9384,yes,no,cellular,253,4,success,yes
36,technician,married,tertiary,no,14761,yes,no,telephone,784,4,failure,no
53,blue-collar,married,secondary,no,10880,no,no,telephone,1104,2,unknown,yes
24,blue-collar,married,tertiary,no,14800,no,no,telephone,678,3,unknown,no
40,technician,divorced,tertiary,no,11446,no,no,cellular,506,6,unknown,yes
25,admin.,married,tertiary,no,11582,no,no,telephone,877,1,unknown,yes
58,services,single,tertiary,no,4114,yes,yes,telephone,1067,5,unknown,yes
61,retired,married,secondary,no,9592,no,no,cellular,706,3,other,yes
48,admin.,divorced,primary,no,9776,yes,no,telephone,977,4,other,yes
51,management,divorced,tertiary,no,8596,yes,no,telephone,754,1,success,yes
19,retired,married,tertiary,no,2219,no,no,cellular,661,6,other,no
35,entrepreneur,single,secondary,no,5588,yes,no,cellular,1105,3,unknown,yes
20,services,single,secondary,no,12591,yes,no,cellular,726,4,failure,yes
67,retired,single,primary,no,14868,yes,no,cellular,104,4,unknown,no
25,admin.,married,primary,no,9236,no,no,cellular,241,5,failure,no
19,management,divorced,primary,no,2654,yes,no,telephone,270,3,unknown,no
18,blue-collar,single,tertiary,no,4718,yes,no,telephone,531,2,unknown,no
39,self-employed,single,primary,no,14299,no,yes,cellular,206,4,unknown,no
55,self-employed,divorced,secondary,no,12892,yes,no,cellular,983,5,unknown,no
62,self-employed,single,secondary,no,10058,no,no,cellular,488,2,other,no
41,entrepreneur,single,tertiary,no,4912,no,no,telephone,1028,1,unknown,yes
48,self-employed,single,secondary,no,9403,no,no,telephone,249,3,unknown,yes
37,self-employed,married,tertiary,no,9672,yes,no,telephone,816,1,unknown,no
55,entrepreneur,married,tertiary,no,8421,no,no,cellular,1026,1,unknown,yes
53,blue-collar,married,primary,no,6148,yes,yes,telephone,700,4,unknown,yes
31,technician,divorced,tertiary,no,11903,yes,yes,telephone,828,5,unknown,yes
61,retired,married,tertiary,no,10633,yes,no,telephone,735,1,unknown,yes
50,entrepreneur,single,secondary,no,14263,yes,yes,telephone,254,3,other,no
62,entrepreneur,divorced,secondary,no,6152,yes,no,cellular,1002,2,unknown,yes
41,entrepreneur,single,secondary,no,10478,yes,yes,cellular,324,6,other,no
26,blue-collar,single,tertiary,no,13592,yes,no,telephone,398,4,unknown,no
46,entrepreneur,married,primary,no,9405,yes,no,cellular,1057,3,unknown,yes
41,admin.,single,tertiary,no,5538,yes,no,cellular,320,6,failure,no
66,management,married,tertiary,no,14080,no,no,cellular,1134,5,unknown,yes
39,admin.,married,secondary,no,7187,no,no,telephone,633,3,unknown,yes
56,management,divorced,tertiary,no,9810,yes,no,cellular,627,6,unknown,yes
23,technician,divorced,primary,no,4052,yes,no,telephone,556,1,failure,no
55,technician,divorced,secondary,no,2373,yes,no,telephone,400,5,other,no
23,technician,divorced,primary,no,11833,no,no,cellular,931,6,unknown,yes
64,retired,single,tertiary,no,12927,yes,no,telephone,1005,3,unknown,no
52,services,married,tertiary,no,7275,yes,no,telephone,54,3,other,no
61,retired,divorced,tertiary,no,1095,no,no,telephone,588,3,unknown,no
34,entrepreneur,married,tertiary,no,11530,no,no,telephone,398,3,unknown,no
22,admin.,married,primary,no,10731,yes,no,telephone,545,2,unknown,no
21,services,divorced,tertiary,no,1465,yes,no,telephone,1189,2,other,no
34,management,married,tertiary,no,9965,yes,no,telephone,692,3,unknown,yes
67,admin.,married,secondary,no,484,yes,no,cellular,932,1,unknown,no
57,entrepreneur,single,tertiary,no,1857,yes,no,cellular,934,6,unknown,yes
22,management,married,primary,no,1938,no,yes,cellular,829,3,unknown,yes
43,admin.,divorced,tertiary,no,7539,yes,no,cellular,1136,2,unknown,no
70,self-employed,single,tertiary,no,5380,yes,no,cellular,215,3,unknown,no
23,self-employed,married,tertiary,no,8584,yes,no,cellular,642,6,unknown,yes
62,retired,married,primary,no,6675,no,yes,cellular,81,6,success,yes
42,blue-collar,divorced,tertiary,no,8248,no,no,cellular,105,3,unknown,no
20,entrepreneur,single,primary,no,10433,yes,no,cellular,507,1,unknown,yes
59,admin.,married,tertiary,no,10990,no,yes,cellular,659,1,unknown,yes
55,blue-collar,single,primary,no,12593,no,yes,cellular,902,3,failure,no
61,entrepreneur,married,primary,no,8936,yes,no,cellular,123,5,unknown,yes
35,technician,married,primary,no,8567,yes,no,cellular,303,1,failure,no
42,technician,single,secondary,no,-382,yes,yes,telephone,882,6,failure,no
62,technician,single,primary,no,8070,yes,no,cellular,107,5,unknown,no
23,management,married,secondary,yes,3360,yes,no,cellular,771,5,unknown,yes
58,services,married,primary,no,12551,yes,no,telephone,1048,2,unknown,no
21,retired,married,primary,no,4977,no,no,telephone,118,1,failure,no
29,technician,single,secondary,no,660,no,no,telephone,888,2,failure,no
32,blue-collar,married,primary,no,11587,yes,no,cellular,180,4,unknown,yes
45,technician,single,tertiary,no,5846,yes,no,cellular,764,3,unknown,yes
62,admin.,married,primary,no,7127,yes,no,telephone,480,3,unknown,no
58,technician,divorced,tertiary,no,916,yes,no,cellular,999,4,unknown,no
65,services,single,secondary,no,3143,no,no,cellular,40,4,success,yes
48,admin.,married,tertiary,no,12766,no,no,telephone,1044,2,unknown,no
62,entrepreneur,single,primary,no,3416,no,yes,telephone,654,2,failure,no
65,admin.,married,secondary,no,13822,no,no,telephone,980,6,unknown,no
22,entrepreneur,divorced,secondary,no,4359,yes,no,cellular,195,5,other,no
21,retired,single,primary,no,7124,no,no,cellular,1174,6,unknown,yes
31,technician,married,primary,no,10133,yes,no,cellular,491,3,unknown,yes
61,entrepreneur,married,primary,no,5156,yes,no,cellular,992,6,unknown,no
36,self-employed,divorced,secondary,no,14988,no,no,cellular,415,4,unknown,yes
29,management,single,primary,no,1335,no,no,cellular,1096,6,unknown,yes
61,technician,married,secondary,no,11586,no,no,cellular,75,2,failure,no
39,entrepreneur,divorced,secondary,no,12391,yes,no,telephone,967,3,unknown,no
37,technician,married,primary,no,4220,no,yes,telephone,612,4,success,yes
28,management,single,primary,no,10851,no,no,cellular,517,1,unknown,yes
26,self-employed,married,secondary,no,8715,no,no,telephone,332,3,unknown,no
52,management,single,primary,no,7682,no,no,telephone,349,1,success,yes
50,retired,divorced,tertiary,no,14179,yes,no,cellular,1187,6,other,yes
62,blue-collar,divorced,secondary,no,1784,no,yes,cellular,852,5,failure,yes
23,retired,single,tertiary,no,9058,yes,no,telephone,430,1,unknown,no
61,blue-collar,divorced,secondary,no,4706,no,no,cellular,769,4,unknown,no
41,entrepreneur,married,primary,no,5256,yes,no,cellular,471,6,other,no
44,self-employed,married,primary,no,14208,yes,no,cellular,206,2,unknown,no
51,retired,single,tertiary,no,949,yes,no,telephone,878,2,unknown,no
66,technician,single,primary,no,4242,no,yes,telephone,652,4,unknown,yes
19,admin.,single,secondary,no,9994,no,no,telephone,884,2,unknown,yes
33,admin.,single,secondary,no,593,no,no,telephone,1188,4,other,yes
48,blue-collar,married,tertiary,no,-213,no,no,cellular,329,3,unknown,no
40,technician,single,secondary,no,9924,no,no,telephone,627,5,unknown,yes
30,technician,single,tertiary,no,8408,yes,no,telephone,585,6,unknown,yes
52,retired,single,primary,no,4110,yes,no,telephone,363,1,unknown,no
30,blue-collar,married,secondary,no,1409,no,no,telephone,743,3,unknown,yes
46,retired,single,tertiary,no,11697,no,no,cellular,494,3,unknown,yes
23,entrepreneur,divorced,primary,no,12192,yes,no,cellular,250,1,failure,no
21,self-employed,single,secondary,no,4442,no,no,cellular,450,5,other,yes
40,admin.,single,primary,no,14931,yes,no,telephone,358,5,failure,no
50,blue-collar,single,tertiary,no,8164,yes,no,telephone,381,5,unknown,no
31,self-employed,married,tertiary,no,6703,no,yes,telephone,807,4,unknown,yes
25,retired,single,secondary,no,1726,yes,no,telephone,1171,6,unknown,yes
25,entrepreneur,married,secondary,no,4611,no,no,cellular,1164,4,unknown,no
30,blue-collar,married,tertiary,no,-291,no,no,cellular,841,4,unknown,no
25,technician,married,secondary,no,1166,no,no,cellular,162,3,success,yes
56,entrepreneur,single,primary,no,11381,yes,no,telephone,849,3,unknown,yes
43,self-employed,divorced,secondary,no,6948,yes,no,telephone,502,6,success,yes
65,admin.,single,secondary,no,2434,yes,no,cellular,650,5,unknown,no
60,self-employed,married,primary,no,7657,yes,no,telephone,1137,5,unknown,no
45,blue-collar,married,secondary,no,5665,yes,yes,cellular,1170,6,other,yes
63,technician,married,secondary,no,11226,yes,no,telephone,1164,6,unknown,yes
53,technician,divorced,primary,no,7605,no,no,telephone,612,3,unknown,yes
26,retired,married,tertiary,no,12036,no,no,cellular,906,3,success,yes
21,services,single,primary,no,9208,yes,no,telephone,264,3,unknown,no
20,self-employed,divorced,secondary,no,14268,yes,yes,telephone,75,3,unknown,no
54,blue-collar,married,primary,no,2873,yes,no,telephone,371,5,unknown,no
30,self-employed,divorced,primary,no,8279,yes,no,telephone,853,2,unknown,no
63,blue-collar,divorced,secondary,no,8780,no,no,cellular,741,1,unknown,yes
69,management,married,tertiary,no,2778,yes,no,telephone,1151,2,other,no
51,technician,divorced,secondary,no,12998,no,no,telephone,1189,6,unknown,yes
41,self-employed,single,primary,no,10728,no,no,telephone,682,1,unknown,no
35,management,divorced,primary,no,9350,yes,no,cellular,423,1,unknown,no
47,self-employed,divorced,secondary,no,14338,yes,no,cellular,89,3,failure,no
53,technician,divorced,primary,no,7460,no,yes,cellular,672,5,unknown,yes
44,retired,divorced,tertiary,no,6002,no,no,cellular,513,1,unknown,no
25,management,married,primary,no,1503,no,no,telephone,513,4,unknown,yes
31,management,married,secondary,no,9158,yes,no,cellular,678,5,unknown,yes
35,technician,married,secondary,no,12957,yes,no,cellular,141,6,other,no
34,entrepreneur,married,tertiary,no,5445,no,no,cellular,936,4,unknown,no
34,management,single,primary,no,13580,no,no,telephone,862,1,unknown,yes
67,self-employed,married,tertiary,no,13281,yes,no,cellular,358,6,unknown,yes
44,retired,married,tertiary,no,353,no,no,telephone,308,1,unknown,no
38,blue-collar,single,primary,no,11191,no,no,cellular,870,3,unknown,no
26,management,single,tertiary,no,4867,no,no,telephone,782,2,unknown,yes
54,services,single,primary,no,10102,no,no,cellular,977,2,unknown,no
21,entrepreneur,divorced,secondary,no,1945,yes,no,cellular,58,6,unknown,no
47,self-employed,single,primary,no,2621,no,no,telephone,619,6,unknown,yes
31,services,married,tertiary,no,6353,yes,no,cellular,624,3,unknown,yes
33,retired,divorced,tertiary,no,904,yes,yes,telephone,844,6,unknown,yes
45,management,single,primary,no,353,yes,no,telephone,123,1,unknown,no
37,entrepreneur,divorced,secondary,no,14118,no,no,telephone,377,5,unknown,yes
47,technician,single,secondary,no,6593,yes,yes,cellular,291,4,other,no
65,retired,married,secondary,no,3812,no,no,telephone,1088,3,unknown,yes
65,self-employed,single,tertiary,no,10271,no,no,cellular,334,1,unknown,yes
34,technician,divorced,secondary,no,14166,no,yes,telephone,1178,4,unknown,yes
64,technician,single,secondary,no,13724,yes,no,telephone,1183,6,unknown,yes
18,technician,married,primary,no,7661,no,no,cellular,612,6,success,yes
41,blue-collar,married,primary,no,7040,no,no,telephone,581,5,unknown,yes
20,self-employed,married,tertiary,no,14358,no,no,cellular,129,6,unknown,no
65,blue-collar,divorced,tertiary,no,6034,yes,no,telephone,212,1,other,no
67,entrepreneur,married,tertiary,no,10216,yes,no,telephone,665,6,unknown,yes
24,retired,divorced,primary,no,14006,yes,no,telephone,214,4,failure,no
45,entrepreneur,single,primary,no,7094,no,no,cellular,1044,5,unknown,yes
36,self-employed,married,primary,no,7325,yes,no,telephone,539,5,unknown,no
53,blue-collar,single,tertiary,no,6461,yes,no,telephone,757,3,unknown,no
19,blue-collar,divorced,tertiary,no,12380,yes,no,cellular,882,6,unknown,yes
47,self-employed,divorced,secondary,no,14542,no,no,cellular,190,6,success,yes
61,blue-collar,married,tertiary,yes,5970,yes,no,telephone,972,6,unknown,yes
65,self-employed,married,tertiary,no,9604,yes,no,telephone,649,1,unknown,yes
25,admin.,divorced,primary,no,2928,yes,yes,cellular,922,6,other,yes
23,management,married,primary,no,-143,yes,no,telephone,1023,4,unknown,yes
33,services,married,tertiary,no,5918,yes,yes,telephone,881,4,failure,yes
53,management,single,secondary,no,7910,no,no,telephone,504,6,unknown,yes
54,retired,divorced,primary,no,10121,yes,no,telephone,740,4,unknown,yes
36,services,married,secondary,no,7817,yes,no,telephone,989,2,other,no
42,entrepreneur,divorced,tertiary,no,12541,yes,no,cellular,454,3,unknown,yes
48,technician,single,primary,no,7563,yes,no,telephone,651,2,unknown,yes
19,retired,married,secondary,no,2362,no,no,cellular,160,3,unknown,no
25,services,married,secondary,no,12359,yes,yes,telephone,339,6,other,no
24,admin.,married,secondary,no,11882,yes,yes,cellular,1181,1,unknown,yes
25,services,married,primary,no,11102,yes,no,cellular,345,6,unknown,no
25,services,married,secondary,no,-393,yes,no,telephone,617,5,unknown,yes
63,entrepreneur,married,tertiary,no,1983,no,no,cellular,312,4,unknown,no
47,retired,single,secondary,no,-338,no,no,cellular,203,3,unknown,no
28,entrepreneur,single,secondary,no,10316,no,no,cellular,1094,3,unknown,no
62,management,divorced,tertiary,no,5138,yes,no,cellular,857,4,unknown,no
57,self-employed,divorced,secondary,no,12305,no,no,telephone,202,1,unknown,no
64,technician,divorced,tertiary,no,1020,yes,no,telephone,357,1,unknown,no
55,management,single,secondary,no,7778,yes,yes,telephone,561,6,unknown,yes
66,blue-collar,married,secondary,no,-415,yes,no,cellular,747,3,unknown,no
63,technician,divorced,secondary,no,3557,yes,no,cellular,769,4,unknown,no
44,blue-collar,single,primary,no,1630,yes,no,telephone,1107,4,unknown,yes
43,management,divorced,secondary,no,6710,no,no,telephone,363,2,unknown,no
47,technician,divorced,tertiary,no,1434,no,no,cellular,351,5,unknown,no
56,entrepreneur,single,primary,no,4244,yes,no,telephone,654,3,unknown,yes
68,technician,single,tertiary,no,14848,no,no,cellular,404,6,unknown,yes
40,blue-collar,single,secondary,no,4574,no,no,telephone,1003,6,failure,yes
26,self-employed,married,tertiary,no,13694,no,yes,telephone,823,2,other,yes
20,self-employed,divorced,secondary,no,13687,yes,yes,telephone,1179,6,unknown,yes
30,admin.,divorced,tertiary,no,7296,yes,yes,cellular,68,3,failure,no
63,self-employed,single,tertiary,no,6083,no,no,cellular,726,4,unknown,yes
51,retired,married,secondary,no,1127,yes,no,cellular,553,1,unknown,no
61,technician,single,tertiary,no,2473,yes,yes,telephone,232,3,unknown,no
34,entrepreneur,single,primary,no,11822,no,no,telephone,265,3,unknown,no
44,blue-collar,married,primary,no,3329,no,yes,cellular,534,5,unknown,yes
54,entrepreneur,married,primary,no,7699,yes,no,telephone,1136,2,failure,yes
45,self-employed,single,primary,no,13088,no,no,cellular,31,1,success,yes
56,management,divorced,secondary,no,13302,no,no,telephone,123,2,failure,no
37,blue-collar,married,tertiary,no,1788,no,no,telephone,461,5,unknown,no
61,retired,divorced,secondary,no,11095,yes,no,telephone,729,2,unknown,yes
19,technician,divorced,primary,no,-430,no,no,telephone,1168,6,failure,no
52,blue-collar,divorced,tertiary,no,7,no,no,telephone,282,3,success,yes
56,retired,married,primary,no,12801,no,yes,telephone,788,2,unknown,yes
19,management,divorced,tertiary,no,974,no,no,cellular,509,4,success,yes
49,services,single,primary,no,9960,yes,no,telephone,379,5,unknown,no
61,technician,single,tertiary,no,565,yes,no,cellular,1101,6,failure,yes
61,admin.,divorced,tertiary,no,3643,no,no,cellular,904,6,unknown,yes
38,entrepreneur,married,secondary,no,7991,yes,no,cellular,489,1,unknown,no
46,retired,single,secondary,no,840,no,no,cellular,897,1,other,yes
39,management,single,tertiary,no,-44,yes,no,telephone,542,2,unknown,yes
39,admin.,married,tertiary,no,14959,yes,no,telephone,225,6,unknown,yes
21,admin.,married,secondary,no,10860,yes,yes,telephone,142,3,unknown,no
24,admin.,divorced,primary,no,5749,yes,no,telephone,507,5,failure,no
47,entrepreneur,married,secondary,no,9645,yes,no,cellular,959,5,unknown,yes
24,admin.,divorced,tertiary,no,12433,no,no,cellular,1072,3,unknown,yes
57,self-employed,single,primary,no,222,yes,no,telephone,1080,6,failure,yes
52,technician,single,secondary,no,5118,yes,no,cellular,147,2,unknown,no
21,entrepreneur,married,primary,no,9994,no,no,telephone,417,6,unknown,no
47,retired,divorced,tertiary,no,9594,yes,no,cellular,960,1,unknown,no
58,services,divorced,primary,no,2992,yes,no,telephone,799,2,unknown,no
18,retired,single,primary,no,8588,yes,no,cellular,767,1,success,yes
36,technician,single,secondary,no,5067,no,no,cellular,74,2,failure,no
19,technician,married,tertiary,no,1318,yes,no,telephone,521,3,failure,no
51,entrepreneur,divorced,primary,no,13962,no,no,cellular,1120,4,unknown,yes
45,services,single,tertiary,no,13499,yes,no,telephone,536,1,unknown,yes
26,self-employed,single,tertiary,no,7211,no,no,cellular,1071,4,failure,yes
50,retired,married,tertiary,no,4772,no,no,telephone,1043,4,unknown,yes
68,admin.,single,primary,no,6906,no,no,telephone,900,4,unknown,no
41,management,divorced,primary,no,876,yes,no,cellular,114,4,unknown,no
46,self-employed,married,secondary,no,7651,yes,no,cellular,934,2,unknown,yes
23,management,divorced,tertiary,no,780,no,no,cellular,272,1,unknown,no
39,services,divorced,secondary,no,11709,no,no,telephone,420,6,unknown,yes
66,management,single,secondary,no,5179,no,no,telephone,54,4,unknown,no
27,entrepreneur,single,primary,no,2938,yes,no,telephone,974,3,failure,yes
30,entrepreneur,divorced,secondary,no,6872,no,yes,cellular,292,3,success,yes
69,retired,married,primary,no,10735,no,no,telephone,697,5,unknown,no
26,technician,married,tertiary,no,9379,no,no,telephone,810,2,success,yes
42,services,married,primary,no,6897,no,no,cellular,243,6,unknown,yes
62,self-employed,single,primary,no,14431,no,no,cellular,626,6,unknown,yes
41,admin.,single,secondary,no,6231,yes,no,cellular,1128,4,unknown,yes
31,technician,single,secondary,no,11127,no,no,telephone,445,5,failure,no
30,admin.,single,secondary,no,6041,no,no,telephone,1195,4,unknown,yes
65,blue-collar,married,tertiary,no,6976,yes,no,telephone,830,5,failure,no
44,services,single,tertiary,no,7001,yes,no,cellular,835,6,success,yes
28,management,divorced,tertiary,no,14512,yes,no,cellular,1040,4,success,yes
41,blue-collar,single,tertiary,no,4841,yes,no,cellular,1066,1,unknown,yes
62,self-employed,married,secondary,no,13520,yes,yes,telephone,264,6,other,no
65,self-employed,married,secondary,no,8485,no,no,telephone,317,4,failure,no
28,admin.,divorced,primary,no,1534,yes,no,cellular,52,6,unknown,no
29,services,divorced,primary,no,8221,yes,no,cellular,829,6,unknown,yes
18,admin.,married,primary,no,5638,no,no,cellular,893,1,success,yes
30,blue-collar,single,primary,no,13106,no,no,cellular,881,5,unknown,yes
53,services,divorced,primary,no,5972,no,yes,cellular,246,3,unknown,yes
59,retired,single,secondary,no,3106,yes,no,telephone,119,1,other,no
67,self-employed,single,tertiary,no,14609,no,no,cellular,694,6,unknown,yes
67,technician,married,primary,no,13982,no,no,telephone,168,3,unknown,no
46,entrepreneur,divorced,tertiary,no,7748,no,no,cellular,73,5,failure,yes
33,entrepreneur,single,tertiary,no,1753,yes,no,cellular,799,2,unknown,yes
64,self-employed,divorced,secondary,no,4702,no,no,telephone,620,1,unknown,yes
39,services,single,tertiary,no,14535,no,no,cellular,811,5,unknown,yes
18,blue-collar,married,primary,no,353,no,yes,cellular,287,1,unknown,no
68,services,single,tertiary,no,11378,yes,no,cellular,531,4,unknown,yes
36,self-employed,divorced,primary,no,12300,yes,no,telephone,845,4,unknown,yes
50,entrepreneur,single,secondary,yes,5749,yes,yes,telephone,1130,2,unknown,yes
42,self-employed,married,secondary,no,8710,no,yes,cellular,991,2,unknown,yes
18,retired,married,secondary,no,14905,yes,no,telephone,1032,3,unknown,yes
44,admin.,single,secondary,no,2160,yes,no,telephone,743,5,failure,no
41,admin.,divorced,secondary,no,11553,yes,no,telephone,87,6,unknown,yes
56,self-employed,divorced,primary,no,9365,no,no,cellular,55,1,failure,no
42,entrepreneur,divorced,tertiary,no,816,yes,no,telephone,369,4,unknown,no
52,entrepreneur,divorced,secondary,no,11828,no,no,cellular,253,6,unknown,no
70,technician,married,tertiary,no,11759,yes,no,cellular,1037,1,unknown,no
44,entrepreneur,divorced,secondary,no,2295,yes,no,cellular,435,4,unknown,no
46,services,single,primary,no,2493,no,no,telephone,932,6,other,yes
58,technician,single,secondary,no,1542,yes,no,cellular,1008,4,unknown,yes
21,management,single,tertiary,no,185,yes,no,cellular,799,5,unknown,no
35,self-employed,married,secondary,no,5014,yes,no,telephone,520,3,unknown,yes
21,retired,married,primary,yes,13762,no,no,cellular,82,5,unknown,no
62,services,married,secondary,no,10295,no,no,cellular,36,6,success,no
19,retired,single,tertiary,no,6779,yes,no,cellular,743,4,success,yes
48,blue-collar,divorced,secondary,no,2696,no,no,cellular,291,4,failure,no
61,self-employed,single,secondary,no,7399,no,no,cellular,379,6,unknown,yes
63,admin.,single,secondary,no,12055,yes,no,telephone,282,6,unknown,no
64,self-employed,single,tertiary,no,3166,no,no,cellular,732,4,other,yes
64,entrepreneur,divorced,tertiary,no,13527,yes,no,telephone,266,3,unknown,yes
65,services,divorced,primary,no,1587,no,no,cellular,666,1,unknown,yes
42,entrepreneur,married,secondary,no,14801,no,no,cellular,248,4,unknown,no
38,technician,married,primary,no,6967,yes,no,cellular,685,3,unknown,yes
35,self-employed,divorced,primary,no,11036,no,yes,telephone,342,6,unknown,no
69,services,divorced,tertiary,no,13679,no,no,telephone,642,6,other,yes
19,entrepreneur,married,secondary,no,5206,no,no,telephone,608,6,other,yes
53,entrepreneur,single,primary,no,12464,no,no,telephone,967,6,unknown,yes
62,self-employed,married,primary,no,12678,no,no,cellular,771,6,other,yes
68,technician,married,secondary,no,2256,no,yes,telephone,397,1,unknown,no
39,entrepreneur,single,tertiary,no,3514,yes,no,telephone,649,6,unknown,yes
65,entrepreneur,divorced,tertiary,no,12242,yes,no,telephone,593,6,unknown,yes
25,blue-collar,single,primary,no,10457,no,no,telephone,590,6,failure,no
29,entrepreneur,married,tertiary,no,4388,no,yes,cellular,1130,2,unknown,yes
43,self-employed,single,tertiary,no,8330,no,no,cellular,454,6,other,yes
56,technician,single,tertiary,no,4649,yes,yes,cellular,360,1,unknown,no
20,blue-collar,single,tertiary,no,8419,yes,no,cellular,538,3,unknown,no
68,management,divorced,tertiary,no,8954,yes,no,telephone,1132,5,unknown,yes
70,admin.,single,primary,no,4410,no,no,cellular,1160,2,unknown,yes
64,entrepreneur,single,tertiary,no,5755,no,no,telephone,200,3,unknown,no
27,services,single,tertiary,no,9873,no,no,telephone,1184,6,unknown,yes
28,entrepreneur,single,secondary,no,6604,yes,no,cellular,188,3,unknown,yes
53,entrepreneur,single,secondary,no,5444,no,no,cellular,492,3,unknown,yes
32,entrepreneur,single,primary,no,11432,no,no,telephone,225,5,unknown,no
36,management,divorced,primary,no,2297,yes,no,cellular,736,6,unknown,no
53,entrepreneur,married,tertiary,no,-345,no,no,cellular,322,4,unknown,yes
64,retired,divorced,primary,no,6352,no,no,telephone,989,5,unknown,no
51,services,married,tertiary,no,4507,yes,no,cellular,192,1,failure,no
28,admin.,single,tertiary,no,14730,yes,no,telephone,1071,6,unknown,yes
61,blue-collar,married,primary,no,14423,no,yes,telephone,1124,6,unknown,no
60,admin.,divorced,secondary,no,10551,no,no,cellular,388,1,unknown,yes
40,admin.,married,secondary,no,5615,no,no,cellular,1134,1,unknown,yes
34,services,single,tertiary,no,5949,yes,no,cellular,978,5,failure,yes
18,self-employed,married,secondary,no,-416,yes,no,telephone,756,1,unknown,yes
23,technician,married,primary,no,-387,yes,no,cellular,993,4,unknown,yes
29,management,single,secondary,no,6698,yes,no,telephone,41,3,other,no
25,services,married,primary,no,6398,no,no,cellular,437,4,success,no
25,entrepreneur,married,tertiary,no,10669,no,no,telephone,1057,6,other,no
42,technician,single,primary,no,1566,yes,no,cellular,136,6,failure,no
56,admin.,married,secondary,no,7461,yes,no,cellular,1077,2,unknown,no
34,services,divorced,secondary,no,11074,no,yes,cellular,416,5,unknown,yes
25,technician,married,primary,no,2648,no,no,cellular,216,1,unknown,no
62,services,single,secondary,no,505,yes,no,telephone,255,3,unknown,no
63,entrepreneur,single,secondary,no,2477,yes,yes,telephone,464,3,unknown,no
24,entrepreneur,single,secondary,no,5456,yes,yes,cellular,1160,2,unknown,no
41,retired,single,tertiary,no,9073,yes,no,cellular,276,1,unknown,no
59,services,single,tertiary,no,1116,yes,no,telephone,647,6,unknown,no
52,technician,single,primary,no,8519,no,no,telephone,779,4,unknown,yes
45,blue-collar,married,secondary,no,7755,no,no,telephone,294,3,unknown,no
68,services,divorced,secondary,no,8223,no,no,cellular,926,5,unknown,no
43,management,single,primary,yes,8869,yes,no,telephone,1061,6,failure,yes
32,management,divorced,secondary,no,2303,yes,no,telephone,110,6,unknown,no
26,management,single,tertiary,no,12990,yes,yes,telephone,785,3,unknown,no
53,management,divorced,primary,no,9518,yes,no,cellular,758,2,failure,yes
34,admin.,divorced,tertiary,no,12249,no,no,telephone,557,6,unknown,no
70,self-employed,single,secondary,no,9029,no,no,telephone,348,4,unknown,no
41,technician,married,primary,no,7026,yes,no,cellular,1196,4,success,yes
36,admin.,married,primary,no,12893,yes,no,cellular,323,1,unknown,no
59,entrepreneur,single,tertiary,no,11407,no,yes,cellular,803,4,unknown,no
66,admin.,single,primary,no,3885,yes,no,cellular,49,1,unknown,no
63,blue-collar,single,primary,no,8721,no,no,telephone,709,4,unknown,yes
62,management,divorced,tertiary,no,13015,yes,no,cellular,1077,4,unknown,no
19,services,married,secondary,no,10237,yes,no,telephone,260,4,unknown,yes
24,management,married,primary,no,1439,yes,no,cellular,118,5,unknown,no
39,technician,divorced,secondary,no,10432,no,no,telephone,743,1,unknown,yes
41,management,divorced,primary,no,13618,no,yes,cellular,685,2,unknown,yes
68,self-employed,single,primary,no,11406,yes,yes,cellular,402,4,unknown,no
48,entrepreneur,divorced,tertiary,no,12642,no,no,telephone,887,5,unknown,yes
52,services,married,primary,no,6411,yes,no,cellular,208,2,unknown,no
19,retired,divorced,secondary,no,14588,yes,no,telephone,315,3,unknown,no
53,entrepreneur,single,primary,no,415,no,yes,cellular,803,6,unknown,no
41,admin.,divorced,primary,no,708,yes,no,cellular,91,2,unknown,no
22,admin.,divorced,secondary,no,2488,yes,yes,telephone,992,4,failure,yes
59,admin.,married,primary,no,13936,no,no,cellular,1060,2,unknown,no
61,self-employed,divorced,tertiary,no,14559,no,no,cellular,897,2,unknown,yes
42,technician,divorced,primary,no,417,yes,no,cellular,989,4,unknown,no
70,entrepreneur,single,primary,no,10094,yes,no,cellular,189,3,unknown,no
19,services,married,primary,no,570,yes,yes,telephone,414,5,unknown,no
33,management,single,tertiary,no,8736,no,no,cellular,674,1,success,yes
40,management,married,tertiary,no,11818,yes,no,cellular,229,3,unknown,no
24,technician,single,tertiary,no,7314,no,no,telephone,360,2,unknown,yes
58,blue-collar,divorced,primary,no,12729,no,yes,cellular,1057,5,success,yes
51,retired,married,primary,no,5403,no,no,cellular,823,2,unknown,yes
22,technician,divorced,tertiary,no,1095,no,yes,telephone,1150,1,unknown,yes
28,management,single,primary,no,5452,yes,yes,telephone,558,4,success,no
46,technician,single,tertiary,no,5455,no,no,cellular,932,3,unknown,yes
38,retired,single,tertiary,no,6874,yes,no,cellular,146,6,failure,no
53,admin.,single,primary,no,2092,no,no,cellular,825,4,unknown,yes
47,self-employed,single,primary,no,1275,no,no,telephone,438,4,unknown,yes
56,self-employed,single,tertiary,no,1373,yes,yes,cellular,992,2,unknown,yes
20,entrepreneur,single,secondary,no,7256,yes,no,cellular,896,3,unknown,yes
27,blue-collar,married,secondary,no,13815,no,no,cellular,561,2,failure,yes
45,retired,married,primary,no,14932,yes,no,cellular,924,3,other,yes
70,admin.,divorced,tertiary,no,11341,no,no,telephone,678,1,unknown,yes
27,self-employed,married,primary,no,10541,yes,no,cellular,952,2,unknown,yes
55,blue-collar,single,primary,no,2574,yes,no,cellular,803,2,unknown,no
61,admin.,married,secondary,yes,14190,yes,no,cellular,1052,6,success,yes
40,retired,divorced,secondary,no,12035,yes,no,telephone,907,3,unknown,yes
52,entrepreneur,married,secondary,no,10781,no,no,cellular,209,1,unknown,yes
44,blue-collar,married,tertiary,no,14691,yes,no,cellular,623,4,unknown,no
53,entrepreneur,single,primary,no,1538,yes,no,telephone,875,6,failure,no
18,retired,single,tertiary,no,13911,no,no,telephone,524,1,other,yes
18,admin.,single,secondary,no,8002,no,no,telephone,379,5,success,yes
43,services,divorced,tertiary,no,345,no,no,cellular,829,6,unknown,no
51,technician,married,primary,no,12626,yes,yes,telephone,562,5,unknown,yes
23,blue-collar,single,secondary,yes,12116,no,yes,cellular,813,1,failure,yes
47,retired,single,primary,no,3133,yes,no,cellular,804,3,unknown,yes
27,admin.,divorced,tertiary,no,1317,yes,no,cellular,320,3,unknown,yes
22,self-employed,married,primary,no,7545,no,no,telephone,186,2,unknown,no
38,self-employed,single,primary,no,14305,yes,no,cellular,270,3,success,yes
57,admin.,single,tertiary,no,14681,yes,no,cellular,1090,5,failure,yes
41,blue-collar,single,primary,no,3100,yes,no,cellular,578,3,unknown,no
40,management,married,tertiary,no,6644,yes,no,cellular,542,2,unknown,no
63,management,married,primary,no,12057,no,no,cellular,1029,4,other,yes
65,management,married,tertiary,no,5775,yes,no,telephone,161,4,unknown,yes
50,management,divorced,secondary,no,13044,no,no,telephone,845,1,unknown,no
45,technician,married,primary,no,10263,yes,yes,telephone,280,1,unknown,yes
39,services,married,tertiary,no,14225,yes,yes,telephone,464,5,unknown,no
63,blue-collar,divorced,tertiary,no,11889,yes,no,cellular,433,1,failure,no
35,entrepreneur,single,primary,no,9353,yes,no,cellular,613,1,unknown,no
18,self-employed,married,primary,no,6099,yes,no,cellular,720,6,unknown,yes
69,entrepreneur,divorced,secondary,no,11848,yes,yes,telephone,1041,5,unknown,yes
47,self-employed,divorced,primary,no,14863,no,yes,cellular,51,2,unknown,no
62,entrepreneur,single,primary,no,11363,no,no,cellular,137,3,other,yes
21,management,single,secondary,no,9539,no,no,cellular,312,5,unknown,yes
27,entrepreneur,divorced,secondary,no,8048,yes,no,telephone,604,3,failure,yes
23,management,married,tertiary,no,8650,no,no,cellular,189,1,success,yes
18,services,married,secondary,no,1212,yes,no,telephone,668,6,unknown,yes
50,blue-collar,single,primary,no,5817,no,no,cellular,849,2,unknown,yes
61,management,divorced,tertiary,no,7052,no,no,cellular,63,4,unknown,yes
60,self-employed,married,secondary,no,8516,yes,no,cellular,842,5,unknown,yes
46,management,married,primary,no,5767,no,no,telephone,417,4,unknown,yes
56,self-employed,divorced,secondary,no,317,no,no,cellular,265,1,other,no
33,blue-collar,divorced,primary,no,13960,no,no,telephone,834,1,unknown,no
62,management,married,primary,no,2835,yes,no,telephone,36,1,unknown,no
57,self-employed,divorced,secondary,no,10771,yes,no,cellular,371,2,unknown,no
18,self-employed,married,secondary,no,3822,no,no,cellular,751,4,unknown,yes
33,self-employed,single,primary,no,8794,no,no,cellular,1105,5,unknown,yes
24,blue-collar,married,tertiary,no,7539,no,no,telephone,1026,3,unknown,yes
40,management,divorced,secondary,no,12189,no,no,telephone,260,3,unknown,no
19,technician,married,primary,no,1820,yes,yes,telephone,766,2,failure,yes
42,blue-collar,married,tertiary,no,14232,no,no,cellular,573,6,unknown,yes
55,entrepreneur,married,secondary,no,8994,yes,no,cellular,917,4,unknown,no
40,management,single,primary,no,10731,yes,no,telephone,1173,6,unknown,yes
22,management,single,secondary,no,4136,no,yes,telephone,656,1,unknown,yes
18,admin.,married,primary,no,4141,no,no,cellular,206,6,unknown,no
30,entrepreneur,divorced,primary,no,26,yes,no,telephone,895,4,success,yes
34,management,divorced,secondary,no,6640,no,no,cellular,438,3,unknown,no
37,management,single,secondary,no,9794,yes,no,telephone,226,2,unknown,no
50,retired,married,secondary,no,6389,no,no,cellular,892,1,failure,yes
37,services,divorced,tertiary,no,9672,yes,no,telephone,139,4,unknown,no
47,self-employed,single,primary,no,13096,no,yes,cellular,625,5,unknown,yes
21,blue-collar,divorced,tertiary,no,11613,no,no,cellular,1181,6,success,yes
61,technician,married,tertiary,no,14844,yes,no,cellular,264,1,unknown,no
25,blue-collar,single,primary,no,-97,no,no,cellular,279,3,unknown,no
70,services,divorced,secondary,no,10662,yes,no,cellular,915,2,unknown,yes
70,services,single,tertiary,no,8456,yes,no,telephone,234,5,unknown,no
43,entrepreneur,divorced,primary,no,12828,yes,yes,telephone,276,5,unknown,no
20,self-employed,single,secondary,no,7166,no,no,cellular,354,3,unknown,no
31,retired,divorced,tertiary,no,528,yes,no,telephone,971,6,other,yes
68,management,married,primary,no,10069,yes,no,cellular,1068,6,unknown,yes
38,retired,divorced,tertiary,no,607,yes,no,cellular,504,1,unknown,no
61,self-employed,married,primary,no,12747,no,no,cellular,386,6,other,no
44,blue-collar,single,tertiary,no,113,no,yes,telephone,90,2,unknown,no
42,technician,divorced,tertiary,no,2706,yes,no,telephone,491,2,failure,no
51,services,single,tertiary,no,10455,yes,yes,cellular,40,3,failure,no
22,retired,single,tertiary,no,14425,no,no,cellular,454,5,failure,no
40,technician,single,secondary,no,5662,no,no,cellular,1089,3,unknown,yes
21,retired,single,primary,no,4249,no,no,telephone,169,2,success,yes
54,services,divorced,tertiary,no,6040,no,no,cellular,994,3,unknown,yes
44,management,single,secondary,no,473,yes,no,telephone,157,2,unknown,no
54,admin.,married,primary,no,9300,no,no,telephone,295,3,failure,yes
49,services,divorced,secondary,no,4471,no,no,cellular,73,1,unknown,no
30,entrepreneur,divorced,tertiary,no,8552,yes,no,telephone,286,4,failure,no
25,self-employed,single,tertiary,no,5524,yes,no,cellular,517,2,unknown,yes
44,admin.,single,tertiary,no,431,yes,yes,cellular,608,1,unknown,no
33,management,single,tertiary,no,10273,yes,yes,telephone,1143,2,unknown,no
40,services,married,tertiary,no,5511,no,no,cellular,1108,3,unknown,yes
24,admin.,married,secondary,no,9688,yes,yes,cellular,1096,2,unknown,yes
25,retired,divorced,primary,no,3351,no,no,telephone,263,1,unknown,yes
35,entrepreneur,married,primary,no,13501,no,no,telephone,817,4,unknown,yes
29,entrepreneur,divorced,primary,no,12,yes,no,cellular,718,3,failure,yes
66,admin.,married,tertiary,no,6611,no,no,cellular,253,5,unknown,no
61,management,divorced,secondary,no,11283,no,no,cellular,810,4,failure,no
26,admin.,married,tertiary,no,901,no,no,telephone,721,5,unknown,yes
41,management,divorced,secondary,no,12775,no,yes,telephone,1194,6,unknown,yes
29,self-employed,married,primary,no,7142,yes,no,cellular,866,1,unknown,yes
57,retired,single,secondary,no,12049,no,no,telephone,290,2,unknown,yes
57,admin.,single,primary,no,2518,no,no,telephone,115,5,failure,yes
63,management,married,primary,no,13549,no,no,cellular,510,3,unknown,no
25,blue-collar,single,primary,no,5584,no,no,cellular,903,3,unknown,yes
68,retired,married,secondary,no,5639,yes,no,cellular,358,3,unknown,no
55,admin.,single,tertiary,no,4629,yes,no,telephone,470,4,failure,yes
64,technician,married,tertiary,no,766,no,no,telephone,1133,6,unknown,no
69,admin.,divorced,secondary,no,8025,yes,no,telephone,529,3,unknown,no
41,services,married,secondary,no,1390,no,no,telephone,771,1,unknown,yes
41,self-employed,divorced,primary,no,6362,yes,no,cellular,1131,2,failure,yes
55,technician,divorced,secondary,no,5096,yes,yes,telephone,1064,2,unknown,yes
67,services,single,secondary,yes,1479,yes,no,telephone,236,2,other,no
19,technician,single,primary,no,8172,no,no,telephone,291,4,unknown,no
36,blue-collar,married,secondary,no,9602,yes,no,cellular,756,4,other,yes
65,entrepreneur,married,secondary,no,11516,yes,no,cellular,341,1,unknown,yes
59,self-employed,married,secondary,no,7834,no,no,cellular,505,3,unknown,yes
51,entrepreneur,married,secondary,no,11907,yes,yes,cellular,911,5,unknown,no
38,blue-collar,married,secondary,no,4216,yes,no,cellular,620,3,success,yes
32,management,single,primary,no,13242,yes,no,cellular,1135,5,failure,yes
70,admin.,married,primary,no,8857,yes,no,cellular,959,3,other,no
25,self-employed,married,secondary,no,13664,yes,no,cellular,754,1,failure,yes
22,retired,single,tertiary,no,6929,no,no,cellular,674,1,unknown,no
68,retired,single,tertiary,no,13878,no,no,cellular,533,2,unknown,no
32,services,married,secondary,no,12834,yes,no,cellular,436,6,other,no
64,services,single,secondary,no,8637,no,no,cellular,886,6,unknown,yes
55,services,divorced,secondary,no,10263,no,no,cellular,628,6,unknown,no
43,retired,divorced,secondary,no,3086,yes,no,telephone,889,4,unknown,yes
25,technician,married,secondary,no,5194,no,no,telephone,1031,5,unknown,yes
36,management,divorced,primary,no,12325,yes,no,telephone,565,6,unknown,yes
46,entrepreneur,married,secondary,no,3896,yes,no,cellular,661,4,unknown,yes
28,services,divorced,primary,no,9548,no,yes,cellular,73,4,unknown,no
40,blue-collar,divorced,primary,no,5432,yes,no,telephone,499,3,failure,no
39,entrepreneur,single,tertiary,no,14901,yes,no,cellular,1057,4,failure,yes
36,management,single,primary,no,10773,yes,no,cellular,803,6,unknown,no
35,blue-collar,single,primary,no,11025,no,no,cellular,1139,5,other,yes
55,entrepreneur,single,tertiary,no,12357,yes,no,cellular,648,3,unknown,yes
59,self-employed,married,secondary,no,3141,no,no,telephone,612,6,unknown,yes
19,self-employed,divorced,secondary,no,11996,yes,yes,cellular,80,4,failure,no
48,blue-collar,divorced,secondary,no,12765,no,yes,cellular,455,4,unknown,yes
43,self-employed,divorced,tertiary,no,11961,yes,no,telephone,873,3,failure,no
20,retired,divorced,tertiary,no,13777,yes,no,telephone,1147,4,unknown,yes
38,self-employed,divorced,secondary,no,13568,no,no,cellular,901,6,unknown,yes
18,technician,divorced,tertiary,no,2733,yes,no,cellular,898,4,unknown,no
49,technician,divorced,tertiary,no,-349,yes,no,telephone,585,5,unknown,no
54,technician,single,secondary,no,2849,no,no,telephone,1093,5,unknown,yes
39,technician,single,tertiary,no,7263,yes,no,cellular,993,1,success,yes
62,services,single,tertiary,no,7013,yes,yes,telephone,350,1,unknown,no
32,retired,divorced,primary,no,3998,yes,no,telephone,656,3,unknown,yes
34,services,single,tertiary,no,11471,yes,no,cellular,289,5,unknown,no
39,management,divorced,tertiary,no,7256,yes,yes,cellular,473,1,other,no
27,technician,married,primary,no,14179,no,yes,telephone,901,6,unknown,yes
66,blue-collar,single,tertiary,no,12179,yes,no,telephone,1099,3,unknown,no
31,technician,divorced,secondary,no,13260,yes,no,telephone,276,5,other,no
29,admin.,married,secondary,no,5168,no,no,cellular,813,3,unknown,yes
18,services,married,secondary,no,-409,no,no,telephone,549,5,other,no
20,management,divorced,secondary,no,10895,no,no,cellular,92,6,other,no
58,self-employed,married,primary,no,13834,no,no,cellular,108,3,unknown,no
27,technician,single,primary,no,13357,yes,no,cellular,673,1,other,yes
30,admin.,married,tertiary,no,4685,no,no,telephone,1087,1,success,yes
60,admin.,single,primary,no,7716,yes,no,cellular,938,1,unknown,yes
50,entrepreneur,single,tertiary,no,13227,no,no,telephone,271,3,unknown,no
23,self-employed,single,primary,no,2490,no,no,cellular,376,1,unknown,no
23,services,married,tertiary,no,14269,no,no,cellular,665,1,unknown,yes
35,technician,divorced,secondary,no,13185,yes,no,cellular,634,3,unknown,yes
49,retired,divorced,secondary,no,10015,yes,no,cellular,105,5,unknown,no
31,entrepreneur,married,tertiary,no,12546,yes,no,telephone,215,5,failure,no
47,management,single,primary,no,9840,yes,yes,telephone,792,5,unknown,yes
20,retired,divorced,primary,no,13743,no,no,telephone,715,3,unknown,yes
40,management,single,secondary,no,11821,yes,no,telephone,920,6,unknown,no
34,retired,divorced,secondary,no,6072,yes,no,cellular,1068,1,unknown,no
54,entrepreneur,divorced,primary,no,2226,no,no,cellular,1193,2,unknown,yes
21,blue-collar,married,primary,no,7015,yes,no,cellular,440,2,unknown,yes
33,services,married,primary,no,2025,no,no,telephone,40,4,unknown,yes
53,entrepreneur,divorced,primary,no,10451,yes,no,cellular,226,4,unknown,no
26,entrepreneur,married,secondary,no,11466,no,no,cellular,740,4,unknown,no
19,services,divorced,primary,no,5547,yes,no,cellular,845,1,unknown,yes
30,admin.,single,secondary,no,5063,yes,no,cellular,613,3,unknown,no
20,management,married,primary,no,10679,yes,yes,cellular,739,6,failure,yes
43,admin.,single,secondary,no,7806,yes,no,telephone,852,4,failure,yes
34,blue-collar,divorced,secondary,no,12295,yes,no,telephone,258,2,success,no
42,blue-collar,single,primary,no,14805,no,no,telephone,920,1,unknown,yes
49,self-employed,married,primary,no,10745,yes,no,telephone,78,5,unknown,no
44,admin.,married,secondary,no,83,no,no,cellular,1118,6,unknown,yes
52,blue-collar,single,tertiary,no,7584,yes,no,telephone,529,6,failure,no
20,blue-collar,married,secondary,no,9483,no,no,cellular,812,5,success,yes
58,management,married,secondary,no,11735,yes,no,cellular,917,1,failure,yes
37,services,divorced,primary,no,7248,yes,no,telephone,410,3,unknown,yes
43,technician,divorced,secondary,no,6171,yes,no,cellular,592,3,unknown,no
58,retired,single,primary,no,11116,yes,yes,telephone,973,5,unknown,yes
52,entrepreneur,married,tertiary,yes,5080,yes,no,cellular,976,6,unknown,yes
28,entrepreneur,married,secondary,no,13463,no,yes,telephone,1179,3,unknown,yes
51,retired,married,secondary,no,6897,no,yes,cellular,750,5,unknown,no
19,management,divorced,tertiary,no,3345,yes,no,telephone,282,1,unknown,no
25,management,single,primary,no,11533,no,no,telephone,475,4,other,yes
67,retired,divorced,primary,no,10753,no,no,telephone,1058,5,unknown,yes
43,self-employed,married,secondary,no,6863,yes,no,telephone,620,1,unknown,yes
47,technician,divorced,primary,no,10200,yes,no,cellular,89,5,unknown,no
50,blue-collar,divorced,tertiary,no,14990,yes,no,cellular,1195,6,unknown,yes
41,admin.,divorced,tertiary,no,10217,yes,no,cellular,360,4,unknown,no
29,self-employed,divorced,primary,no,4300,yes,yes,telephone,970,2,unknown,yes
33,technician,married,tertiary,no,12667,no,no,cellular,531,4,failure,yes
65,admin.,divorced,tertiary,no,8015,no,no,cellular,884,3,other,yes
63,admin.,married,secondary,no,479,yes,no,cellular,774,4,failure,yes
59,self-employed,married,primary,no,13378,yes,no,cellular,376,3,unknown,yes
33,self-employed,single,secondary,no,10019,no,no,telephone,531,3,unknown,no
39,self-employed,divorced,secondary,no,9239,yes,yes,telephone,83,2,other,no
63,management,married,tertiary,no,9885,yes,no,telephone,346,6,failure,yes
56,management,married,secondary,no,-42,no,no,cellular,54,3,unknown,no
51,entrepreneur,married,tertiary,no,5139,no,no,telephone,1101,3,unknown,no
59,technician,divorced,secondary,no,14198,yes,no,cellular,731,2,unknown,yes
35,blue-collar,divorced,primary,no,7025,no,no,cellular,1103,2,failure,yes
20,entrepreneur,divorced,primary,no,7813,yes,no,cellular,144,4,unknown,no
34,technician,divorced,tertiary,no,3241,no,no,cellular,574,5,unknown,no
64,blue-collar,single,tertiary,no,2903,yes,no,telephone,980,1,unknown,no
38,blue-collar,single,secondary,no,866,yes,yes,cellular,1027,3,unknown,yes
25,self-employed,divorced,primary,no,9902,no,no,cellular,545,4,unknown,no
29,retired,divorced,secondary,no,10072,yes,no,cellular,728,3,unknown,yes
58,self-employed,single,primary,no,4729,no,no,telephone,364,2,unknown,yes
37,blue-collar,married,secondary,no,8324,no,no,cellular,504,2,unknown,yes
67,self-employed,single,tertiary,no,9486,yes,no,telephone,350,2,failure,no
28,technician,married,tertiary,no,10206,no,no,telephone,498,3,unknown,no
37,retired,single,secondary,no,5298,no,no,telephone,901,5,unknown,yes
66,entrepreneur,single,secondary,no,12695,yes,no,telephone,69,6,unknown,no
34,management,married,primary,no,12458,yes,no,cellular,470,5,unknown,no
24,blue-collar,single,primary,no,7359,no,no,cellular,828,6,success,yes
33,management,divorced,tertiary,no,1161,yes,no,telephone,927,3,unknown,yes
65,blue-collar,married,tertiary,no,1986,no,no,cellular,1180,1,unknown,yes
52,management,divorced,tertiary,no,10797,yes,no,cellular,672,3,other,yes
31,technician,married,secondary,no,5434,yes,no,telephone,552,5,failure,yes
25,entrepreneur,married,secondary,no,12576,yes,no,telephone,63,5,unknown,yes
50,retired,divorced,secondary,no,4968,no,no,cellular,1173,1,unknown,no
23,self-employed,divorced,tertiary,no,11819,yes,no,telephone,983,4,other,no
27,retired,single,primary,no,5067,yes,no,telephone,73,4,unknown,yes
42,admin.,single,primary,no,1965,yes,no,telephone,1120,4,unknown,yes
70,retired,divorced,tertiary,no,12164,yes,no,cellular,83,5,unknown,no
67,technician,divorced,secondary,no,4865,no,no,cellular,443,3,unknown,no
32,services,married,primary,no,14227,no,yes,telephone,82,4,other,no
31,entrepreneur,single,secondary,no,2754,yes,no,cellular,220,2,unknown,no
51,blue-collar,single,primary,no,7513,no,no,telephone,880,2,unknown,yes
50,retired,married,secondary,no,14981,yes,yes,telephone,849,1,unknown,no
22,entrepreneur,divorced,secondary,no,10988,yes,no,telephone,995,1,success,yes
59,retired,single,primary,no,2405,no,yes,cellular,317,6,unknown,yes
56,services,divorced,tertiary,no,9618,yes,no,cellular,387,5,success,yes
69,technician,married,primary,no,-9,yes,no,telephone,573,5,unknown,no
39,admin.,married,primary,no,1864,no,yes,telephone,1105,2,unknown,yes
32,blue-collar,married,primary,no,7293,yes,no,telephone,305,5,failure,yes
48,self-employed,married,primary,no,8347,yes,no,cellular,1008,4,failure,no
30,technician,single,tertiary,no,14938,yes,no,cellular,857,3,other,yes
32,management,single,tertiary,no,4884,no,no,telephone,299,3,unknown,no
55,admin.,divorced,secondary,no,12512,yes,no,cellular,99,2,unknown,no
54,self-employed,married,secondary,no,13746,no,no,telephone,469,4,unknown,no
25,management,divorced,tertiary,no,5025,no,no,telephone,1028,5,unknown,yes
39,management,single,secondary,no,-84,no,yes,cellular,966,1,unknown,no
26,retired,married,secondary,no,14893,yes,no,cellular,844,5,unknown,no
32,admin.,single,tertiary,no,8111,no,no,cellular,1121,3,unknown,yes
51,technician,married,primary,no,2213,no,no,cellular,341,5,success,yes
30,management,single,secondary,no,14261,yes,no,telephone,988,3,unknown,no
18,blue-collar,married,tertiary,no,4605,yes,no,cellular,151,4,unknown,no
28,services,married,primary,no,5906,no,no,telephone,174,2,success,yes
43,blue-collar,divorced,tertiary,no,10515,yes,no,telephone,700,1,unknown,yes
51,blue-collar,divorced,tertiary,no,10320,yes,no,telephone,344,1,other,no
64,retired,married,primary,no,14100,yes,no,telephone,374,6,unknown,no
66,management,single,tertiary,no,11489,no,no,telephone,524,6,unknown,no
45,entrepreneur,single,tertiary,no,12114,yes,no,telephone,545,6,unknown,no
34,retired,single,primary,no,12705,yes,no,cellular,918,6,unknown,no
70,self-employed,divorced,tertiary,no,5657,no,no,telephone,116,5,unknown,no
59,blue-collar,divorced,primary,no,12017,yes,no,telephone,836,6,failure,yes
68,self-employed,married,tertiary,no,110,no,no,telephone,82,2,unknown,yes
39,blue-collar,married,secondary,no,11444,yes,no,telephone,734,3,success,yes
46,admin.,married,secondary,no,9900,yes,no,cellular,1173,5,unknown,no
66,retired,single,secondary,no,4968,yes,no,cellular,678,3,unknown,no
58,entrepreneur,married,tertiary,no,2550,no,no,telephone,748,3,failure,no
66,technician,single,secondary,yes,2609,no,no,telephone,1176,5,unknown,yes
22,services,single,primary,no,14486,no,no,telephone,328,6,unknown,yes
26,entrepreneur,single,tertiary,no,14039,no,no,cellular,693,2,unknown,yes
53,technician,divorced,secondary,no,3177,no,no,cellular,492,4,unknown,yes
18,management,single,primary,no,7417,no,no,cellular,874,2,failure,yes
58,entrepreneur,divorced,secondary,no,5463,no,no,telephone,776,2,unknown,yes
62,technician,married,tertiary,no,8319,no,yes,telephone,1126,3,unknown,no
32,retired,divorced,tertiary,no,8577,no,no,telephone,138,4,unknown,no
45,blue-collar,single,primary,no,8658,no,no,telephone,332,1,unknown,yes
64,management,divorced,secondary,no,11423,yes,no,telephone,303,4,unknown,no
52,management,married,primary,no,13851,yes,no,telephone,43,5,unknown,no
55,blue-collar,single,tertiary,no,6278,no,no,cellular,397,2,unknown,no
64,blue-collar,married,primary,no,6111,no,no,telephone,864,4,unknown,yes
39,technician,single,secondary,no,11087,yes,no,cellular,407,3,unknown,yes
59,blue-collar,married,secondary,no,8083,yes,no,cellular,1170,1,unknown,yes
18,admin.,single,secondary,no,-47,no,no,telephone,172,2,unknown,no
29,services,married,primary,no,14452,yes,no,cellular,932,6,failure,no
50,technician,married,primary,no,14823,yes,no,cellular,668,3,unknown,yes
55,technician,single,secondary,no,2043,no,no,telephone,1152,4,failure,no
60,blue-collar,married,primary,no,3423,no,no,telephone,115,3,unknown,no
48,blue-collar,divorced,primary,no,4751,no,no,telephone,1148,6,unknown,yes
46,services,married,tertiary,no,6629,yes,no,telephone,243,3,unknown,no
37,self-employed,married,tertiary,no,8143,no,no,cellular,658,5,failure,yes
29,retired,divorced,primary,no,273,no,no,telephone,1131,1,failure,no
45,technician,divorced,secondary,no,232,no,yes,cellular,483,6,unknown,no
49,services,divorced,tertiary,no,241,no,no,cellular,624,1,other,no
39,technician,married,primary,no,13226,yes,no,cellular,558,4,unknown,no
58,management,single,tertiary,no,3966,yes,yes,telephone,802,3,failure,yes
67,self-employed,married,tertiary,yes,10846,yes,no,telephone,293,6,unknown,yes
25,blue-collar,single,secondary,no,8297,yes,no,telephone,845,3,unknown,yes
54,management,single,primary,no,14009,no,no,telephone,441,2,unknown,yes
48,blue-collar,single,primary,no,5858,yes,no,cellular,525,4,unknown,no
27,self-employed,divorced,primary,no,7751,no,no,cellular,681,1,unknown,no
39,management,single,secondary,no,14271,no,no,cellular,627,5,unknown,yes
30,retired,divorced,tertiary,no,13775,yes,no,telephone,1170,2,unknown,no
21,blue-collar,divorced,primary,no,8253,yes,no,telephone,788,1,unknown,yes
32,admin.,married,primary,no,12831,yes,no,cellular,102,5,unknown,yes
70,self-employed,divorced,tertiary,no,10733,no,no,cellular,1034,5,unknown,no
58,self-employed,married,primary,no,13908,yes,yes,cellular,825,3,other,yes
19,entrepreneur,married,primary,no,6223,no,no,cellular,853,2,failure,yes
43,entrepreneur,married,secondary,no,6772,no,no,telephone,697,6,unknown,yes
31,services,single,tertiary,no,2688,no,no,telephone,978,5,other,no
41,management,single,secondary,no,1280,yes,no,telephone,134,2,unknown,no
28,entrepreneur,divorced,secondary,no,6757,yes,no,cellular,589,6,unknown,no
59,entrepreneur,divorced,primary,no,4685,yes,no,cellular,1026,3,unknown,no
51,admin.,divorced,primary,no,904,yes,no,cellular,708,1,unknown,no
30,technician,single,secondary,no,5446,no,no,telephone,1002,3,failure,yes
24,technician,single,primary,no,8221,no,no,telephone,605,6,failure,yes
25,technician,married,primary,no,1721,no,no,telephone,379,1,unknown,no
41,self-employed,divorced,tertiary,no,14147,yes,no,telephone,725,1,other,yes
26,management,divorced,secondary,no,1318,no,no,cellular,686,3,failure,no
23,retired,divorced,secondary,yes,14098,no,no,telephone,547,2,unknown,no
19,self-employed,married,primary,no,3412,no,no,telephone,721,1,unknown,no
60,self-employed,divorced,primary,no,14,yes,no,cellular,69,3,unknown,no
42,entrepreneur,single,tertiary,no,10917,yes,no,telephone,863,6,unknown,no
64,management,divorced,primary,no,3869,yes,no,cellular,682,5,other,yes
26,blue-collar,single,primary,no,564,yes,no,cellular,184,1,failure,no
39,blue-collar,single,tertiary,no,13776,no,no,telephone,246,5,unknown,no
30,blue-collar,single,primary,no,1000,yes,no,cellular,460,1,failure,no
58,services,married,primary,no,7615,no,no,telephone,155,4,unknown,yes
29,services,married,primary,no,8927,no,no,cellular,415,2,failure,no
32,technician,married,tertiary,no,4361,no,no,telephone,476,4,unknown,yes
33,admin.,divorced,tertiary,no,11858,yes,yes,telephone,734,6,unknown,no
45,blue-collar,divorced,tertiary,no,11694,no,no,telephone,164,5,unknown,no
46,retired,divorced,secondary,no,4419,no,no,cellular,497,5,unknown,no
44,self-employed,married,secondary,no,13368,no,no,telephone,956,2,unknown,no
44,admin.,single,secondary,no,13758,no,no,cellular,919,6,other,yes
29,services,single,primary,no,1955,yes,no,telephone,833,2,unknown,no
53,management,single,primary,no,11357,yes,no,cellular,1028,6,unknown,no
22,retired,divorced,secondary,no,1817,yes,no,cellular,882,4,unknown,yes
28,retired,divorced,secondary,no,6528,no,no,telephone,728,6,unknown,yes
26,retired,divorced,secondary,no,6824,yes,no,telephone,508,3,unknown,no
48,management,divorced,secondary,no,4924,no,no,telephone,498,6,unknown,yes
70,services,married,tertiary,no,-183,yes,no,telephone,333,5,unknown,no
47,management,single,secondary,no,2665,no,no,cellular,775,1,unknown,yes
18,retired,married,tertiary,no,1894,no,no,telephone,673,5,other,yes
69,services,divorced,tertiary,no,11516,yes,no,telephone,538,4,unknown,no
18,management,married,primary,no,-86,yes,no,telephone,191,3,unknown,no
27,self-employed,divorced,secondary,no,9229,yes,no,telephone,963,3,unknown,yes
36,technician,divorced,primary,no,-223,yes,no,telephone,785,2,unknown,no
53,admin.,divorced,secondary,no,5980,yes,no,cellular,609,3,unknown,yes
50,admin.,divorced,tertiary,no,7637,yes,yes,cellular,239,5,unknown,no
23,retired,married,secondary,no,5129,no,no,cellular,1104,4,unknown,yes
27,blue-collar,single,secondary,no,11997,no,no,cellular,145,6,unknown,yes
59,services,married,primary,no,11927,yes,no,cellular,1055,3,unknown,no
60,entrepreneur,single,tertiary,no,7564,yes,no,telephone,1156,1,unknown,yes
31,services,divorced,secondary,yes,10998,yes,no,cellular,843,2,unknown,yes
58,management,married,tertiary,no,5863,yes,no,telephone,715,2,unknown,yes
25,management,married,primary,no,10172,no,no,cellular,408,1,unknown,no
65,services,single,tertiary,no,4392,no,no,telephone,769,4,unknown,yes
54,management,single,tertiary,no,-298,yes,no,telephone,452,4,success,yes
38,self-employed,married,tertiary,no,14586,yes,no,telephone,538,1,unknown,no
19,admin.,single,secondary,no,4471,yes,no,cellular,229,1,unknown,no
45,retired,single,secondary,no,-134,yes,yes,cellular,648,2,unknown,no
69,services,single,tertiary,no,10671,no,no,telephone,387,1,unknown,no
47,management,married,primary,no,7359,yes,no,cellular,163,4,unknown,yes
49,entrepreneur,married,secondary,no,-283,no,yes,cellular,605,6,unknown,yes
69,management,single,tertiary,no,13786,yes,no,cellular,120,5,failure,no
62,self-employed,single,tertiary,no,274,yes,yes,telephone,964,4,unknown,yes
41,technician,married,tertiary,no,6168,yes,no,telephone,741,3,unknown,yes
49,entrepreneur,married,secondary,no,3648,no,no,telephone,985,4,failure,no
28,admin.,married,tertiary,no,9741,yes,no,cellular,315,2,failure,yes
70,entrepreneur,single,tertiary,no,8012,yes,yes,cellular,494,6,failure,yes
25,retired,divorced,secondary,no,5971,yes,no,cellular,749,6,unknown,no
24,services,divorced,tertiary,no,13169,no,no,cellular,1063,1,unknown,no
62,management,single,secondary,no,2928,yes,yes,cellular,78,1,unknown,no
29,blue-collar,single,secondary,no,1448,yes,no,telephone,51,6,unknown,no
41,services,married,secondary,no,14566,yes,no,cellular,1036,1,unknown,yes
34,self-employed,married,tertiary,no,6425,no,no,telephone,1034,1,unknown,no
66,blue-collar,married,secondary,no,859,yes,no,cellular,961,4,failure,yes
48,admin.,married,secondary,no,11034,no,no,telephone,224,1,unknown,no
61,admin.,divorced,secondary,no,2469,yes,no,telephone,1127,6,failure,yes
25,self-employed,single,secondary,no,2166,yes,no,telephone,254,6,unknown,no
30,self-employed,married,primary,yes,12209,no,no,cellular,801,1,unknown,yes
61,self-employed,single,tertiary,no,10981,no,yes,cellular,315,2,failure,no
54,admin.,married,secondary,no,10951,yes,no,telephone,1143,1,unknown,yes
45,entrepreneur,single,primary,no,13881,no,no,telephone,1068,2,other,no
25,admin.,single,primary,no,10389,yes,no,telephone,1171,3,unknown,no
60,technician,divorced,secondary,no,151,yes,yes,cellular,830,1,unknown,yes
18,blue-collar,divorced,tertiary,no,8192,yes,no,cellular,684,2,other,no
30,self-employed,married,secondary,no,2324,yes,no,cellular,329,6,unknown,no
66,blue-collar,married,tertiary,no,689,no,no,telephone,770,2,failure,yes
66,entrepreneur,single,secondary,no,-47,yes,no,telephone,830,4,unknown,no
65,technician,married,tertiary,no,7848,no,no,cellular,524,5,unknown,no
22,entrepreneur,divorced,primary,no,8702,yes,no,cellular,111,3,unknown,no
59,retired,married,tertiary,no,14562,yes,no,telephone,820,6,unknown,yes
61,technician,married,secondary,no,7522,no,no,cellular,545,6,unknown,yes
36,services,married,secondary,no,8773,yes,no,cellular,716,5,unknown,yes
56,entrepreneur,divorced,tertiary,no,9544,no,yes,telephone,419,6,unknown,no
53,retired,single,secondary,no,2341,yes,no,telephone,535,2,unknown,no
39,technician,divorced,secondary,no,5916,yes,no,telephone,1130,3,unknown,yes
34,blue-collar,married,tertiary,no,-447,yes,no,telephone,1043,4,success,yes
70,management,divorced,tertiary,no,3853,yes,no,telephone,251,4,unknown,no
26,technician,single,secondary,no,392,yes,yes,cellular,1153,5,unknown,no
65,entrepreneur,single,primary,no,8782,yes,yes,telephone,612,4,unknown,yes
56,management,divorced,secondary,no,1985,yes,no,cellular,381,4,unknown,no
28,blue-collar,divorced,tertiary,no,3919,no,yes,cellular,862,2,unknown,yes
29,services,married,primary,yes,10496,yes,no,telephone,943,2,unknown,no
44,self-employed,married,primary,no,5799,no,no,cellular,1138,3,unknown,yes
45,retired,married,primary,no,9586,yes,no,cellular,793,2,failure,yes
62,entrepreneur,single,secondary,no,4648,yes,no,telephone,502,4,unknown,no
19,services,divorced,tertiary,no,11182,no,no,telephone,766,4,unknown,yes
46,entrepreneur,single,secondary,no,3244,yes,no,telephone,1010,2,unknown,no
59,services,single,secondary,no,11963,yes,no,cellular,219,5,unknown,yes
23,management,married,primary,no,13565,yes,no,cellular,499,4,unknown,no
32,blue-collar,divorced,primary,no,12330,no,no,cellular,620,5,unknown,yes
28,services,single,primary,no,762,yes,yes,cellular,1123,1,failure,yes
41,technician,single,tertiary,no,3524,no,no,cellular,587,5,failure,no
21,entrepreneur,single,primary,no,2054,no,no,telephone,601,4,unknown,yes
25,services,single,tertiary,no,192,yes,no,cellular,618,4,unknown,yes
66,entrepreneur,divorced,tertiary,no,14061,yes,no,telephone,859,3,unknown,yes
50,self-employed,single,primary,no,9327,no,no,cellular,874,4,unknown,yes
38,self-employed,single,primary,no,12198,no,yes,cellular,648,4,unknown,yes
32,self-employed,married,secondary,no,11179,yes,no,telephone,297,4,success,yes
27,blue-collar,married,secondary,no,7120,no,no,telephone,189,5,unknown,no
53,self-employed,single,secondary,no,4930,yes,no,cellular,52,1,unknown,no
35,admin.,single,tertiary,no,8037,yes,no,telephone,972,3,unknown,yes
21,blue-collar,married,secondary,no,7920,yes,no,cellular,344,4,unknown,no
64,management,single,primary,no,2716,yes,no,telephone,481,1,unknown,yes
26,services,married,tertiary,no,12598,no,no,telephone,461,1,success,yes
20,management,divorced,secondary,no,3089,yes,no,telephone,263,1,unknown,no
39,retired,married,secondary,no,8477,no,no,telephone,698,5,unknown,yes
63,management,divorced,primary,no,-136,yes,no,telephone,1051,6,success,yes
55,management,married,primary,no,8593,yes,no,cellular,980,2,other,yes
50,retired,married,tertiary,no,8782,yes,yes,cellular,1015,6,unknown,yes
21,entrepreneur,married,secondary,no,7252,no,no,telephone,272,3,unknown,no
49,entrepreneur,divorced,primary,no,13417,yes,no,cellular,718,2,unknown,yes
23,blue-collar,single,primary,no,-361,yes,no,cellular,341,1,unknown,yes
26,management,married,tertiary,no,13045,no,no,cellular,112,2,other,no
20,blue-collar,single,tertiary,yes,14615,yes,no,telephone,1034,1,unknown,yes
51,blue-collar,divorced,secondary,no,7074,no,no,cellular,1046,5,unknown,yes
43,retired,divorced,primary,no,12775,yes,no,telephone,631,6,failure,yes
69,services,married,tertiary,no,3443,yes,no,cellular,192,1,unknown,yes
24,self-employed,single,primary,no,4128,no,no,cellular,1016,4,unknown,no
60,management,divorced,primary,no,10250,yes,no,cellular,736,1,unknown,no
69,management,married,primary,no,7094,no,no,telephone,950,2,failure,yes
63,entrepreneur,divorced,secondary,no,11812,no,no,cellular,366,3,unknown,no
39,technician,single,primary,no,9394,yes,no,cellular,399,4,unknown,yes
41,retired,divorced,secondary,no,1213,yes,no,cellular,462,2,unknown,no
65,management,divorced,secondary,no,9174,no,no,telephone,110,4,success,no
36,self-employed,single,secondary,no,6173,no,no,cellular,1001,4,other,no
56,services,married,tertiary,no,3836,yes,no,cellular,499,6,other,yes
34,admin.,divorced,primary,no,12959,yes,no,telephone,127,1,failure,no
70,entrepreneur,single,tertiary,no,11505,no,no,telephone,134,4,success,yes
60,management,single,primary,no,5873,no,no,cellular,59,6,unknown,no
33,self-employed,single,primary,no,11778,no,no,telephone,556,4,unknown,yes
64,technician,married,primary,no,4231,yes,no,cellular,186,2,other,no
18,services,single,secondary,no,1357,no,no,telephone,1076,1,unknown,yes
68,blue-collar,married,primary,no,5855,no,no,telephone,67,5,failure,no
23,blue-collar,single,primary,no,8053,no,no,telephone,749,1,unknown,yes
66,entrepreneur,single,tertiary,no,6093,yes,no,telephone,167,6,unknown,no
67,self-employed,divorced,secondary,no,10027,yes,no,cellular,957,2,unknown,yes
60,retired,divorced,secondary,no,13221,yes,no,telephone,204,2,failure,no
53,blue-collar,divorced,primary,no,8569,no,no,telephone,275,5,failure,no
58,retired,single,secondary,no,6473,yes,no,cellular,644,6,success,yes
34,entrepreneur,single,secondary,no,6250,no,no,telephone,183,4,unknown,no
19,admin.,married,secondary,no,1024,no,no,cellular,772,1,unknown,yes
39,retired,single,primary,no,9039,no,no,telephone,667,5,failure,no
23,management,divorced,tertiary,no,14169,yes,no,telephone,890,1,unknown,yes
21,technician,single,primary,no,9138,yes,no,cellular,990,3,unknown,yes
28,services,single,secondary,no,10124,no,no,cellular,64,4,unknown,no
28,services,married,primary,no,13837,yes,no,cellular,1038,5,unknown,yes
57,entrepreneur,single,tertiary,no,1731,yes,no,telephone,581,2,unknown,no
63,entrepreneur,married,tertiary,no,-477,no,no,cellular,548,6,unknown,yes
59,blue-collar,divorced,primary,no,158,yes,no,cellular,177,6,unknown,no
35,blue-collar,divorced,primary,no,11251,yes,no,telephone,249,3,unknown,yes
64,blue-collar,married,secondary,no,5705,no,no,telephone,442,6,unknown,yes
30,services,married,secondary,no,6667,yes,yes,telephone,354,1,failure,no
65,self-employed,divorced,secondary,no,1309,no,yes,telephone,392,4,failure,no
66,blue-collar,divorced,secondary,no,10055,yes,no,telephone,1006,4,unknown,yes
46,technician,single,primary,no,5800,yes,no,cellular,254,3,failure,no
62,blue-collar,married,tertiary,no,4582,no,yes,cellular,524,3,unknown,yes
60,technician,divorced,secondary,no,-445,yes,yes,telephone,1193,3,unknown,yes
24,management,divorced,secondary,no,12682,yes,no,telephone,1187,5,unknown,yes
57,services,single,secondary,no,5007,yes,no,telephone,1039,2,unknown,yes
62,blue-collar,single,tertiary,no,3289,yes,yes,telephone,874,5,success,yes
61,self-employed,divorced,primary,no,3014,yes,yes,telephone,53,5,unknown,no
59,self-employed,single,primary,no,3378,no,yes,telephone,1129,6,unknown,no
20,self-employed,divorced,secondary,no,10269,no,no,telephone,473,4,other,yes
50,services,divorced,secondary,yes,10909,yes,no,telephone,1169,6,unknown,no
58,admin.,divorced,secondary,no,12972,yes,no,cellular,431,2,unknown,yes
21,self-employed,single,tertiary,no,1431,no,no,telephone,643,6,unknown,no
28,self-employed,married,primary,no,75,yes,no,telephone,252,1,failure,no
27,entrepreneur,single,secondary,no,12813,yes,no,telephone,957,2,failure,yes
60,services,married,secondary,no,13208,no,no,telephone,468,6,failure,no
30,entrepreneur,married,secondary,no,7116,no,no,cellular,289,1,unknown,no
25,self-employed,married,tertiary,no,11585,no,yes,cellular,1133,2,failure,yes
21,blue-collar,single,tertiary,no,5056,yes,yes,telephone,710,5,unknown,yes
45,self-employed,single,primary,no,3112,no,yes,cellular,935,1,unknown,yes
23,retired,married,primary,no,13380,yes,yes,cellular,85,6,unknown,no
64,admin.,single,secondary,no,11660,no,no,cellular,419,4,success,yes
68,retired,single,tertiary,no,9410,yes,yes,telephone,670,4,unknown,no
50,management,married,secondary,no,8441,no,no,telephone,618,4,unknown,no
27,technician,married,tertiary,no,195,yes,no,telephone,987,1,unknown,yes
60,management,single,secondary,no,5094,yes,no,telephone,1115,2,unknown,yes
33,entrepreneur,single,secondary,no,4769,yes,yes,telephone,378,5,unknown,yes
63,admin.,divorced,secondary,no,2906,yes,no,telephone,757,1,failure,no
51,technician,single,primary,no,12639,yes,yes,telephone,547,5,unknown,no
51,admin.,married,tertiary,no,13540,no,no,telephone,1050,2,unknown,yes
66,services,divorced,tertiary,no,3887,yes,no,cellular,849,5,unknown,no
51,management,married,secondary,no,3476,no,no,cellular,784,6,failure,yes
31,blue-collar,married,secondary,no,13810,yes,no,telephone,350,3,success,yes
36,admin.,single,secondary,no,11314,no,no,cellular,631,2,success,yes
19,blue-collar,married,secondary,no,12477,yes,no,cellular,492,6,unknown,yes
62,technician,married,secondary,no,1699,yes,no,cellular,726,1,unknown,no
36,services,single,primary,no,12034,no,no,telephone,675,6,unknown,yes
69,technician,single,primary,no,9328,yes,no,cellular,1144,1,unknown,yes
55,blue-collar,divorced,tertiary,no,3051,yes,no,cellular,110,4,other,no
23,self-employed,married,secondary,no,7703,no,no,cellular,51,2,unknown,yes
69,admin.,divorced,primary,no,6299,yes,yes,cellular,530,6,unknown,no
62,self-employed,married,tertiary,no,9266,yes,no,telephone,36,5,unknown,no
57,retired,single,primary,no,9390,yes,yes,telephone,252,5,unknown,no
51,self-employed,married,primary,no,11894,no,no,cellular,471,5,unknown,yes
33,self-employed,married,secondary,no,757,yes,no,telephone,296,5,unknown,no
20,retired,divorced,primary,no,5029,yes,no,telephone,921,6,unknown,yes
25,technician,married,primary,no,14964,yes,no,cellular,769,4,unknown,yes
70,admin.,married,primary,no,690,yes,no,cellular,389,2,unknown,no
21,entrepreneur,divorced,tertiary,no,8872,yes,no,telephone,899,5,unknown,yes
31,management,married,tertiary,no,1397,yes,no,cellular,1110,4,failure,yes
33,self-employed,divorced,tertiary,no,8160,yes,yes,cellular,796,5,failure,yes
60,retired,married,tertiary,no,9423,no,no,cellular,622,3,unknown,no
63,self-employed,married,tertiary,no,6100,no,no,telephone,799,6,unknown,yes
56,self-employed,single,tertiary,no,8269,no,no,cellular,330,3,unknown,yes
67,management,divorced,tertiary,no,13538,yes,no,cellular,251,2,failure,no
32,management,single,secondary,no,8672,no,yes,cellular,1172,4,unknown,yes
47,entrepreneur,single,tertiary,no,11776,yes,no,cellular,1094,5,unknown,yes
56,retired,divorced,primary,no,8023,yes,no,cellular,613,1,other,no
60,blue-collar,single,tertiary,no,6613,yes,no,cellular,861,5,failure,yes
27,entrepreneur,divorced,secondary,no,8521,yes,no,telephone,179,2,unknown,no
45,blue-collar,divorced,tertiary,no,12058,yes,no,telephone,276,3,failure,no
43,technician,single,tertiary,no,4591,no,no,cellular,90,2,unknown,no
18,entrepreneur,divorced,secondary,no,5878,yes,yes,telephone,1061,2,unknown,yes
70,retired,single,primary,no,5647,yes,no,telephone,194,3,unknown,yes
65,retired,single,secondary,no,2403,no,no,telephone,872,6,unknown,no
32,management,married,primary,no,6719,yes,no,cellular,149,6,success,no
64,entrepreneur,married,tertiary,no,1747,yes,no,cellular,1037,6,unknown,yes
42,admin.,single,tertiary,no,9359,yes,no,cellular,843,5,unknown,yes
30,services,single,secondary,no,14855,yes,no,telephone,380,2,unknown,no
24,self-employed,divorced,primary,no,2857,no,no,cellular,238,1,unknown,yes
25,services,married,primary,no,10471,yes,no,telephone,800,1,unknown,yes
60,management,married,secondary,no,11394,no,no,telephone,127,2,other,no
20,blue-collar,married,secondary,no,366,yes,no,telephone,238,4,unknown,no
27,self-employed,divorced,secondary,no,2290,no,yes,cellular,218,4,other,no
70,technician,single,tertiary,no,8010,no,no,telephone,1036,6,unknown,yes
66,entrepreneur,single,tertiary,no,1383,no,no,telephone,866,1,unknown,yes
46,admin.,married,tertiary,no,11283,no,no,cellular,958,4,failure,yes
49,services,married,tertiary,no,1900,no,yes,cellular,800,5,unknown,no
28,technician,single,tertiary,no,10540,yes,no,telephone,60,3,unknown,no
24,management,married,tertiary,no,693,yes,no,cellular,178,5,unknown,no
47,admin.,divorced,tertiary,no,10671,yes,no,telephone,1149,1,success,yes
20,retired,single,tertiary,no,3265,no,no,telephone,1069,3,unknown,yes
56,retired,divorced,tertiary,no,9813,yes,yes,telephone,955,6,unknown,yes
69,admin.,divorced,tertiary,no,5348,no,no,telephone,946,4,unknown,yes
60,technician,single,tertiary,no,5733,no,no,cellular,974,4,unknown,yes
52,technician,divorced,tertiary,no,7787,yes,no,cellular,685,5,unknown,yes
65,admin.,divorced,tertiary,no,8091,yes,no,cellular,785,1,unknown,no
60,retired,married,secondary,no,4937,no,no,cellular,285,2,unknown,no
67,retired,married,secondary,no,14806,yes,no,telephone,431,2,unknown,no
36,technician,divorced,primary,no,1680,no,no,telephone,831,2,other,yes
54,blue-collar,married,secondary,no,804,no,no,cellular,1121,3,failure,no
29,retired,married,primary,no,2315,yes,no,cellular,733,5,unknown,no
24,services,divorced,primary,no,5909,yes,yes,telephone,1092,3,success,yes
53,retired,single,tertiary,no,7491,no,no,telephone,489,1,unknown,no
25,blue-collar,single,secondary,no,2200,yes,no,telephone,513,3,failure,yes
41,services,married,secondary,no,4311,yes,no,telephone,444,1,unknown,yes
57,services,married,secondary,no,8093,yes,no,telephone,679,1,unknown,yes
27,blue-collar,married,primary,no,5297,yes,no,cellular,1102,4,unknown,yes
26,self-employed,single,secondary,no,3350,no,no,telephone,853,2,other,no
53,entrepreneur,married,primary,no,13656,no,no,telephone,1133,4,unknown,no
26,self-employed,divorced,secondary,no,11637,no,no,telephone,894,3,failure,yes
63,management,single,tertiary,no,9566,no,no,telephone,710,1,unknown,no
20,admin.,single,secondary,no,3261,no,no,cellular,514,2,unknown,no
70,blue-collar,married,secondary,no,-409,yes,no,cellular,901,5,failure,no
36,management,married,tertiary,no,5776,yes,no,telephone,325,4,success,yes
32,entrepreneur,married,tertiary,no,11286,no,no,cellular,43,2,unknown,no
65,technician,married,secondary,no,640,yes,no,cellular,1142,1,failure,yes
22,technician,single,tertiary,no,13281,no,no,cellular,150,4,failure,no
51,services,married,secondary,no,2841,no,no,cellular,1120,2,failure,yes
63,blue-collar,divorced,secondary,no,2460,no,no,telephone,563,6,success,yes
35,self-employed,single,secondary,no,8858,no,no,cellular,1076,6,failure,yes
60,services,divorced,primary,no,8500,no,no,cellular,990,2,unknown,yes
30,self-employed,divorced,tertiary,no,8748,no,no,cellular,697,2,unknown,yes
54,services,divorced,secondary,no,1151,no,no,cellular,650,2,unknown,yes
28,retired,divorced,secondary,no,3506,no,no,cellular,685,5,success,yes
25,self-employed,divorced,tertiary,no,11684,no,no,telephone,623,2,success,yes
34,management,divorced,secondary,no,11378,yes,no,telephone,35,2,unknown,no
28,admin.,married,primary,no,9263,yes,no,telephone,260,2,unknown,no
38,technician,divorced,tertiary,no,8002,yes,yes,cellular,305,3,unknown,no
21,services,single,primary,no,3846,no,no,telephone,1092,5,unknown,yes
40,services,divorced,tertiary,no,13893,yes,no,cellular,514,6,unknown,no
69,admin.,single,primary,no,4449,yes,no,cellular,686,1,unknown,yes
28,services,divorced,tertiary,no,13714,yes,no,cellular,743,6,unknown,yes
48,management,divorced,tertiary,no,428,no,no,cellular,881,4,unknown,no
49,blue-collar,divorced,primary,no,293,no,no,cellular,454,2,unknown,no
62,self-employed,married,secondary,no,1787,yes,no,cellular,267,1,unknown,no
29,admin.,single,tertiary,no,6815,yes,no,telephone,539,2,other,no
31,admin.,married,tertiary,no,5730,yes,no,cellular,962,6,other,no
67,blue-collar,single,secondary,no,976,yes,no,telephone,1104,2,other,no
54,retired,single,primary,no,5653,yes,no,cellular,781,3,failure,no
22,admin.,single,tertiary,no,9268,yes,no,telephone,64,1,unknown,no
27,management,single,secondary,no,8506,yes,no,telephone,296,2,failure,no
22,technician,single,primary,no,14740,yes,yes,cellular,1011,2,unknown,yes
28,admin.,married,tertiary,no,898,yes,no,cellular,874,2,unknown,no
51,blue-collar,married,secondary,no,13656,yes,no,cellular,484,6,failure,yes
33,admin.,single,primary,no,14376,no,no,telephone,784,4,other,yes
22,retired,married,tertiary,no,5202,yes,no,cellular,534,3,unknown,yes
69,management,married,secondary,yes,222,no,no,cellular,109,2,unknown,no
68,entrepreneur,divorced,primary,no,6031,yes,no,telephone,361,4,unknown,no
51,blue-collar,divorced,tertiary,no,1259,yes,yes,cellular,731,6,unknown,yes
50,admin.,married,secondary,no,382,yes,no,cellular,127,3,unknown,no
35,self-employed,married,primary,no,2366,yes,no,cellular,1187,4,unknown,yes
51,retired,married,secondary,no,9267,yes,yes,cellular,1179,1,unknown,no
69,services,divorced,secondary,no,12768,no,no,telephone,925,4,unknown,yes
40,blue-collar,divorced,primary,no,10960,no,yes,cellular,574,4,unknown,yes
39,admin.,single,primary,no,9142,yes,no,telephone,106,1,failure,no
33,blue-collar,divorced,tertiary,no,13556,no,no,cellular,675,2,unknown,yes
38,technician,single,secondary,no,7722,yes,no,telephone,838,5,unknown,yes
32,blue-collar,single,secondary,no,10725,yes,no,telephone,239,4,other,no
27,services,married,secondary,no,7446,yes,no,cellular,386,3,unknown,yes
62,management,divorced,tertiary,no,9503,yes,yes,telephone,368,4,failure,no
26,admin.,single,secondary,no,7048,no,no,cellular,246,1,unknown,no
60,admin.,divorced,tertiary,no,1057,no,no,cellular,511,3,unknown,no
54,self-employed,single,primary,no,6781,no,no,telephone,1070,1,failure,no
52,entrepreneur,married,secondary,no,2133,no,no,telephone,1098,5,failure,yes
46,retired,married,primary,no,511,no,no,cellular,887,4,unknown,no
29,services,married,tertiary,no,9259,yes,no,cellular,353,5,other,no
55,management,single,tertiary,no,8669,no,no,telephone,1007,6,unknown,yes
55,retired,single,tertiary,no,14322,no,no,telephone,260,3,unknown,no
53,services,single,secondary,no,14143,no,no,cellular,712,6,unknown,yes
47,entrepreneur,single,secondary,no,13996,no,no,telephone,800,4,unknown,yes
57,entrepreneur,single,secondary,no,4618,yes,no,cellular,1178,3,unknown,yes
40,services,divorced,secondary,no,8457,yes,no,cellular,574,5,unknown,no
32,admin.,married,primary,no,5974,yes,no,telephone,169,4,unknown,no
23,management,single,primary,no,1350,no,no,cellular,762,6,failure,yes
70,technician,single,tertiary,no,3311,yes,no,cellular,729,2,success,yes
34,retired,divorced,tertiary,no,4946,no,no,cellular,767,3,failure,yes
34,blue-collar,divorced,primary,no,10154,yes,no,telephone,590,1,failure,no
22,self-employed,divorced,secondary,no,14759,no,no,cellular,559,5,unknown,no
58,admin.,divorced,tertiary,no,11451,yes,no,cellular,228,3,unknown,no
51,blue-collar,single,secondary,no,14558,yes,no,telephone,1148,4,unknown,yes
69,services,divorced,tertiary,no,9634,yes,no,telephone,1191,3,unknown,no
38,retired,divorced,secondary,no,12665,no,yes,cellular,399,1,failure,no
41,services,divorced,secondary,no,228,yes,yes,cellular,895,6,failure,yes
56,entrepreneur,single,secondary,no,6230,no,no,cellular,1084,5,unknown,yes
21,entrepreneur,married,primary,no,9234,no,no,cellular,641,5,success,yes
21,management,married,secondary,no,3988,no,no,telephone,913,4,unknown,yes
45,management,single,primary,no,14759,yes,no,telephone,1033,4,unknown,no
54,self-employed,married,secondary,no,2650,no,no,cellular,900,2,unknown,no
34,entrepreneur,married,primary,no,2519,no,no,telephone,140,1,unknown,no
56,retired,single,primary,yes,14768,no,no,cellular,272,2,unknown,yes
66,self-employed,married,secondary,no,7265,yes,yes,telephone,167,4,unknown,yes
35,blue-collar,single,secondary,no,13455,yes,no,telephone,152,1,failure,no
18,blue-collar,married,tertiary,no,5989,yes,no,cellular,431,1,unknown,no
40,self-employed,single,secondary,no,11268,yes,no,cellular,900,1,unknown,yes
28,admin.,single,tertiary,no,11549,no,no,cellular,910,3,unknown,yes
66,admin.,married,tertiary,no,12918,no,no,telephone,1082,2,unknown,yes
53,services,divorced,secondary,no,5431,no,no,telephone,126,1,unknown,no
37,retired,married,tertiary,no,11620,yes,no,cellular,258,2,success,yes
63,self-employed,married,tertiary,no,11566,no,no,cellular,953,4,other,yes
31,services,divorced,secondary,no,10616,no,no,cellular,422,5,unknown,no
70,blue-collar,married,secondary,no,10232,yes,no,cellular,822,2,failure,yes
63,services,single,secondary,no,12489,no,no,cellular,576,5,other,yes
32,management,single,primary,no,13643,no,no,cellular,1084,1,failure,yes
48,management,divorced,primary,no,5158,no,no,telephone,766,3,unknown,yes
52,services,divorced,secondary,no,7284,no,no,cellular,61,6,unknown,no
69,retired,single,tertiary,no,1909,yes,no,telephone,1133,6,unknown,no
55,entrepreneur,divorced,tertiary,no,2039,no,no,cellular,656,3,unknown,no
48,blue-collar,married,secondary,no,3658,yes,yes,cellular,1136,6,success,yes
29,management,single,primary,no,10128,yes,no,cellular,517,5,failure,yes
25,self-employed,single,secondary,no,2074,no,no,cellular,1088,5,other,no
53,services,single,primary,no,12872,yes,no,cellular,34,1,unknown,no
47,entrepreneur,married,primary,no,-12,yes,no,telephone,821,1,unknown,yes
36,services,married,secondary,no,4231,yes,no,telephone,683,6,unknown,no
55,admin.,married,secondary,no,11805,no,no,cellular,429,3,unknown,no
55,retired,divorced,primary,no,2753,no,no,telephone,857,2,unknown,no
35,retired,divorced,tertiary,no,13165,yes,yes,cellular,922,4,success,yes
45,management,single,primary,yes,10105,yes,no,cellular,214,6,failure,no
32,management,single,secondary,no,1147,yes,no,telephone,991,1,unknown,yes
67,services,married,secondary,no,4320,no,no,telephone,356,4,unknown,no
51,services,divorced,secondary,no,8020,no,no,telephone,1113,6,unknown,yes
57,blue-collar,married,primary,no,9188,yes,no,cellular,1196,4,other,yes
56,services,single,primary,no,1674,yes,no,telephone,960,6,unknown,yes
29,entrepreneur,single,secondary,no,8565,no,no,telephone,315,1,failure,yes
50,retired,single,secondary,no,4264,no,no,cellular,1029,3,unknown,yes
22,blue-collar,divorced,tertiary,no,10067,no,no,telephone,312,4,unknown,yes
56,self-employed,married,tertiary,no,6860,yes,no,telephone,780,3,other,yes
53,retired,divorced,secondary,no,13155,no,no,cellular,35,5,unknown,no
41,self-employed,single,tertiary,no,14869,no,yes,telephone,479,6,other,yes
21,self-employed,single,primary,no,4062,no,no,cellular,1060,2,other,yes
64,management,single,primary,no,8022,no,no,cellular,359,6,unknown,no
23,technician,married,primary,no,14802,yes,no,telephone,42,4,unknown,no
53,admin.,single,primary,no,-484,no,no,cellular,206,3,unknown,yes
20,retired,single,secondary,no,8830,yes,yes,telephone,175,4,unknown,no
18,self-employed,married,tertiary,no,10209,yes,no,telephone,1180,6,unknown,yes
69,technician,divorced,tertiary,no,9217,no,no,telephone,735,2,unknown,yes
48,blue-collar,married,tertiary,no,9730,no,no,cellular,1001,2,failure,no
23,services,divorced,primary,no,4944,yes,no,telephone,484,6,unknown,no
36,services,divorced,secondary,no,8085,no,no,telephone,340,4,unknown,yes
35,entrepreneur,single,tertiary,no,2674,no,no,telephone,643,5,unknown,yes
29,retired,single,secondary,no,12571,no,no,telephone,861,2,unknown,yes
21,self-employed,married,secondary,no,5946,yes,no,telephone,193,3,success,yes
54,technician,divorced,primary,no,8361,no,no,telephone,249,1,unknown,no
64,admin.,divorced,tertiary,no,3326,yes,yes,cellular,977,5,success,yes
61,admin.,single,secondary,no,11036,no,no,cellular,392,2,unknown,yes
57,retired,single,secondary,no,14772,yes,no,cellular,31,1,unknown,no
38,retired,single,primary,no,6343,no,no,cellular,191,3,unknown,no
64,technician,married,tertiary,no,9137,yes,no,telephone,95,4,unknown,no
49,blue-collar,married,tertiary,no,1615,yes,no,telephone,779,6,unknown,yes
66,blue-collar,single,primary,no,4216,no,no,telephone,54,2,unknown,no
18,management,married,primary,no,13889,yes,yes,telephone,161,1,unknown,no
24,services,divorced,secondary,no,9602,no,no,telephone,738,2,other,yes
39,technician,single,secondary,no,44,yes,no,cellular,69,4,unknown,no
70,admin.,single,tertiary,no,6696,yes,yes,cellular,1010,5,unknown,yes
63,services,divorced,primary,no,4234,yes,no,telephone,490,1,unknown,no
42,technician,married,secondary,yes,2132,no,no,cellular,1040,2,success,yes
26,entrepreneur,single,secondary,no,8302,yes,no,cellular,336,2,failure,yes
24,blue-collar,single,tertiary,no,8860,yes,no,telephone,125,3,unknown,no
52,entrepreneur,divorced,secondary,no,1981,no,yes,telephone,834,4,unknown,yes
18,management,divorced,secondary,no,14631,no,no,telephone,692,5,other,yes
55,entrepreneur,married,primary,no,3283,no,no,cellular,47,6,unknown,no
51,technician,single,secondary,no,7091,no,no,cellular,32,4,unknown,no
28,services,divorced,tertiary,yes,2597,yes,no,cellular,380,1,unknown,no
68,blue-collar,divorced,tertiary,no,11342,yes,no,cellular,918,1,failure,yes
31,retired,married,tertiary,no,11465,no,no,telephone,993,2,failure,yes
53,admin.,divorced,primary,no,12166,yes,no,cellular,167,5,success,no
27,self-employed,single,tertiary,no,13951,yes,yes,cellular,1082,2,unknown,no
28,admin.,single,primary,no,9576,yes,yes,cellular,307,6,success,yes
23,management,married,secondary,no,10228,yes,yes,cellular,165,4,success,no
54,services,divorced,primary,no,11554,no,yes,cellular,455,1,unknown,no
27,services,single,primary,no,7659,yes,no,cellular,529,3,failure,yes
67,technician,divorced,primary,no,14021,yes,no,cellular,35,6,success,yes
63,services,married,secondary,no,6018,no,yes,cellular,300,1,unknown,no
56,blue-collar,married,tertiary,no,10735,no,yes,telephone,804,5,unknown,no
55,services,single,primary,no,13297,no,no,telephone,166,5,unknown,yes
54,blue-collar,single,primary,no,-271,yes,no,telephone,885,4,unknown,no
20,entrepreneur,single,tertiary,no,2006,yes,no,telephone,771,3,unknown,yes
67,management,married,tertiary,no,6569,yes,no,telephone,416,6,unknown,no
18,management,divorced,tertiary,no,6932,yes,no,telephone,305,4,other,yes
36,technician,married,primary,no,10402,yes,no,telephone,1166,6,unknown,yes
24,admin.,divorced,tertiary,no,9234,no,no,telephone,332,6,unknown,yes
70,blue-collar,divorced,tertiary,no,5730,yes,no,telephone,520,2,failure,no
36,self-employed,single,secondary,no,5474,yes,no,telephone,444,1,failure,yes
23,retired,divorced,tertiary,no,-42,yes,no,telephone,986,6,unknown,no
61,management,married,secondary,no,6076,no,no,telephone,717,2,unknown,yes
41,self-employed,married,secondary,no,11429,no,no,cellular,912,2,other,yes
29,retired,married,secondary,no,10931,no,no,telephone,1070,1,failure,yes
43,technician,married,secondary,no,6005,yes,no,cellular,520,1,unknown,no
26,services,married,tertiary,no,1444,yes,no,telephone,137,6,success,no
55,services,single,primary,no,12878,yes,no,telephone,467,6,failure,no
44,services,divorced,secondary,no,14367,no,yes,cellular,1045,5,failure,no
27,blue-collar,single,secondary,no,6817,yes,no,telephone,681,2,unknown,no
60,management,divorced,primary,no,14341,yes,no,telephone,1050,1,unknown,yes
28,admin.,divorced,tertiary,no,5094,no,no,cellular,940,4,unknown,yes
43,retired,married,primary,no,-445,yes,no,cellular,761,2,failure,no
22,admin.,married,secondary,no,10285,no,yes,cellular,1020,6,unknown,yes
37,technician,married,secondary,no,14988,yes,no,telephone,494,5,unknown,yes
31,entrepreneur,divorced,tertiary,no,7599,no,no,cellular,279,2,unknown,no
63,technician,divorced,secondary,no,11310,yes,no,telephone,534,3,unknown,yes
57,retired,divorced,tertiary,no,3344,yes,no,telephone,494,6,unknown,no
56,technician,single,secondary,no,7260,no,no,cellular,755,2,unknown,yes
23,retired,single,secondary,no,14366,yes,no,cellular,1077,2,unknown,yes
25,technician,single,secondary,no,-269,yes,no,cellular,755,6,failure,no
53,services,divorced,tertiary,no,2496,no,no,telephone,920,6,failure,yes
34,entrepreneur,married,primary,no,11849,yes,yes,cellular,342,2,success,no
50,admin.,divorced,primary,no,4284,yes,no,cellular,407,2,failure,yes
21,entrepreneur,single,tertiary,no,5030,yes,no,telephone,526,6,failure,no
69,services,single,tertiary,no,408,yes,no,telephone,594,1,failure,yes
60,retired,single,tertiary,no,12151,yes,no,cellular,57,6,unknown,no
29,entrepreneur,divorced,primary,no,4199,no,no,telephone,778,4,unknown,yes
68,self-employed,single,secondary,no,8817,yes,no,cellular,784,1,unknown,no
22,blue-collar,divorced,tertiary,no,6516,yes,no,cellular,799,5,success,yes
46,self-employed,married,primary,no,12663,yes,yes,telephone,375,4,success,yes
22,self-employed,single,primary,no,971,yes,yes,cellular,1200,2,failure,yes
57,entrepreneur,married,tertiary,no,6936,yes,no,telephone,471,1,unknown,no
48,services,single,tertiary,no,2537,yes,no,cellular,972,3,unknown,no
52,self-employed,divorced,tertiary,no,3386,no,no,telephone,445,1,unknown,no
42,retired,married,primary,no,7896,no,no,telephone,402,2,unknown,yes
25,blue-collar,married,primary,no,7467,no,no,telephone,1183,6,unknown,no
48,admin.,divorced,primary,yes,6395,no,no,telephone,663,5,unknown,yes
43,management,divorced,secondary,no,14628,yes,no,telephone,442,4,other,no
20,management,married,primary,no,3502,yes,no,telephone,437,1,unknown,yes
35,entrepreneur,divorced,primary,no,6731,yes,no,telephone,311,5,unknown,yes
31,admin.,divorced,secondary,no,11280,yes,no,cellular,360,5,unknown,no
31,entrepreneur,married,primary,no,13480,yes,no,telephone,835,3,other,yes
45,services,married,secondary,no,13830,no,no,cellular,659,6,unknown,yes
37,blue-collar,married,tertiary,no,9151,yes,no,telephone,594,5,unknown,yes
35,entrepreneur,married,primary,no,10575,no,no,cellular,329,2,unknown,yes
44,technician,divorced,tertiary,no,14821,yes,no,telephone,234,2,unknown,no
66,self-employed,single,primary,no,1386,no,no,telephone,699,3,other,yes
30,management,divorced,tertiary,no,5570,yes,no,cellular,287,1,unknown,yes
35,entrepreneur,married,secondary,no,1931,no,no,cellular,86,2,other,no
24,technician,single,primary,no,7060,yes,no,telephone,1112,6,unknown,yes
55,retired,divorced,tertiary,no,-463,no,no,cellular,477,1,unknown,no
37,services,married,tertiary,no,5855,yes,yes,telephone,128,2,unknown,no
44,technician,divorced,tertiary,no,13557,yes,no,telephone,405,3,unknown,no
19,management,single,tertiary,no,8993,yes,no,telephone,1136,1,unknown,no
59,retired,divorced,tertiary,no,8823,no,no,cellular,343,6,unknown,no
49,self-employed,married,primary,no,2585,no,no,telephone,149,2,unknown,no
41,admin.,single,primary,no,9486,no,no,telephone,401,4,failure,no
66,technician,single,primary,no,2011,no,no,cellular,63,2,unknown,no
24,services,single,primary,no,3095,yes,no,telephone,168,6,unknown,no
45,self-employed,married,primary,no,6493,yes,no,telephone,675,2,other,yes
35,retired,single,primary,no,14303,yes,no,telephone,1028,2,unknown,yes
63,technician,single,primary,no,7011,yes,no,cellular,216,4,failure,no
60,technician,married,primary,no,458,yes,no,telephone,560,6,other,no
67,blue-collar,married,tertiary,no,7613,yes,no,cellular,404,3,unknown,yes
52,services,divorced,secondary,no,10602,yes,yes,cellular,398,2,unknown,yes
55,retired,married,secondary,no,4116,no,no,cellular,536,4,unknown,yes
54,blue-collar,single,primary,no,908,no,yes,telephone,1081,1,unknown,yes
62,entrepreneur,divorced,tertiary,no,14513,no,no,telephone,131,4,unknown,yes
58,services,divorced,primary,no,9129,no,no,telephone,394,5,unknown,no
66,blue-collar,married,primary,no,1828,no,no,telephone,541,2,unknown,yes
19,retired,married,primary,no,5655,yes,no,telephone,813,2,other,no
18,services,single,secondary,no,6755,no,no,telephone,1058,5,unknown,yes
39,admin.,married,secondary,no,2223,yes,no,telephone,1069,6,unknown,no
38,services,divorced,secondary,no,9722,no,no,telephone,458,2,success,yes
38,entrepreneur,single,secondary,no,14594,yes,no,cellular,357,3,unknown,yes
23,entrepreneur,married,tertiary,no,12763,no,yes,telephone,352,2,unknown,yes
38,entrepreneur,single,primary,no,4705,yes,no,telephone,506,4,unknown,no
69,technician,divorced,secondary,no,9697,no,no,cellular,117,4,unknown,no
34,admin.,divorced,tertiary,no,1090,yes,no,cellular,1132,1,unknown,yes
32,technician,single,tertiary,no,13434,yes,no,cellular,186,3,failure,no
25,retired,divorced,primary,no,8403,yes,no,telephone,640,1,unknown,yes
51,retired,married,tertiary,no,5880,yes,no,cellular,31,1,failure,no
50,self-employed,married,tertiary,no,3506,no,no,telephone,852,3,success,yes
37,blue-collar,divorced,secondary,no,3066,yes,no,cellular,923,2,unknown,yes
19,management,divorced,primary,no,2172,no,no,cellular,606,6,unknown,yes
54,blue-collar,single,secondary,no,6815,yes,no,telephone,1108,1,unknown,yes
30,blue-collar,divorced,tertiary,yes,3093,no,no,cellular,374,6,unknown,yes
30,technician,divorced,secondary,no,5988,yes,yes,telephone,125,3,failure,no
51,services,divorced,tertiary,yes,5320,no,no,telephone,380,6,failure,no
21,admin.,married,secondary,no,6581,yes,no,telephone,529,2,unknown,no
31,entrepreneur,divorced,primary,no,7424,yes,no,telephone,263,6,success,no
66,entrepreneur,single,secondary,no,3560,yes,no,cellular,31,1,unknown,no
68,technician,single,primary,no,1996,yes,no,cellular,745,2,unknown,no
22,self-employed,married,tertiary,no,11563,no,yes,telephone,1039,4,unknown,yes
66,retired,divorced,primary,yes,14226,no,no,telephone,536,1,unknown,no
46,entrepreneur,single,secondary,no,10883,yes,no,telephone,1122,6,unknown,yes
40,self-employed,single,tertiary,no,11234,no,no,telephone,801,3,unknown,no
52,entrepreneur,single,tertiary,no,8916,no,yes,telephone,448,3,unknown,no
28,retired,married,primary,no,10496,yes,no,telephone,640,2,unknown,yes
46,management,divorced,secondary,no,9614,yes,no,telephone,158,4,unknown,no
19,admin.,divorced,tertiary,no,10739,no,no,telephone,1199,3,unknown,yes
50,services,divorced,tertiary,no,1343,yes,no,telephone,1092,6,unknown,yes
55,blue-collar,married,secondary,no,8244,yes,no,cellular,371,6,unknown,no
18,retired,single,primary,no,14,yes,yes,telephone,110,4,unknown,no
21,admin.,divorced,primary,no,13157,yes,no,cellular,31,5,other,no
30,admin.,married,secondary,no,12849,yes,no,telephone,566,6,success,yes
44,services,single,primary,no,6824,no,no,cellular,31,2,unknown,no
42,entrepreneur,single,tertiary,no,12255,no,no,cellular,762,4,unknown,yes
67,services,married,tertiary,no,14199,no,no,cellular,1059,4,other,no
59,blue-collar,divorced,secondary,no,13888,no,yes,cellular,447,4,unknown,no
21,services,married,secondary,no,3629,yes,no,cellular,835,4,unknown,yes
45,entrepreneur,married,primary,no,132,yes,no,cellular,269,3,other,no
45,self-employed,single,secondary,no,12084,yes,no,cellular,285,5,unknown,no
58,management,married,primary,no,4534,yes,no,telephone,696,3,unknown,yes
38,technician,single,primary,no,4620,yes,no,cellular,618,3,failure,yes
28,admin.,single,tertiary,no,1592,no,no,cellular,997,2,other,yes
58,self-employed,married,primary,no,3935,yes,no,cellular,739,5,unknown,yes
53,retired,single,primary,no,4501,yes,no,cellular,670,1,unknown,no
38,self-employed,married,tertiary,no,590,yes,no,cellular,773,3,unknown,yes
47,management,married,secondary,no,5498,no,no,cellular,639,4,other,yes
64,management,single,secondary,no,9012,yes,no,telephone,438,3,unknown,no
31,admin.,married,primary,no,8254,yes,no,cellular,892,1,other,yes
30,services,divorced,tertiary,no,2485,yes,yes,telephone,1066,5,other,no
53,blue-collar,married,primary,no,7285,yes,no,telephone,406,3,unknown,yes
25,self-employed,divorced,secondary,no,13127,no,no,cellular,1018,5,unknown,yes
24,retired,married,tertiary,no,4292,yes,no,cellular,1011,4,failure,no
55,entrepreneur,divorced,primary,no,3177,yes,no,telephone,800,6,failure,yes
39,admin.,divorced,tertiary,no,12448,yes,yes,cellular,1120,5,unknown,yes
54,admin.,divorced,primary,no,10702,no,no,cellular,1136,5,unknown,yes
36,technician,divorced,secondary,no,11560,no,no,telephone,967,5,unknown,yes
41,self-employed,married,tertiary,no,5210,no,yes,cellular,135,2,unknown,no
55,self-employed,divorced,tertiary,no,14199,no,no,cellular,311,3,unknown,yes
56,self-employed,single,secondary,yes,4876,no,no,telephone,703,1,failure,no
31,entrepreneur,married,primary,no,5909,no,yes,cellular,475,6,unknown,no
39,entrepreneur,divorced,primary,no,8971,yes,no,telephone,1133,1,unknown,no
54,admin.,single,tertiary,no,10259,no,no,cellular,245,4,unknown,yes
38,technician,divorced,secondary,no,9087,yes,no,telephone,213,6,failure,no
50,admin.,divorced,secondary,no,-306,no,no,cellular,289,6,unknown,no
25,blue-collar,divorced,primary,no,807,yes,no,cellular,1001,3,unknown,no
40,blue-collar,single,tertiary,no,8903,yes,no,cellular,1058,6,unknown,yes
21,technician,married,primary,no,2884,yes,no,telephone,451,4,failure,yes
46,blue-collar,single,tertiary,no,11306,no,no,cellular,753,2,failure,yes
18,retired,divorced,secondary,no,11808,no,no,telephone,627,4,unknown,yes
39,entrepreneur,married,primary,no,8807,yes,no,cellular,237,4,unknown,no
61,admin.,divorced,primary,no,14426,yes,no,telephone,87,2,unknown,no
67,entrepreneur,married,primary,no,3585,yes,no,telephone,552,3,unknown,no
44,blue-collar,single,primary,no,10912,yes,no,cellular,715,5,other,yes
37,entrepreneur,married,primary,no,1538,yes,no,cellular,307,4,success,yes
27,self-employed,married,primary,no,14796,no,no,telephone,560,6,unknown,yes
66,services,divorced,secondary,no,14680,yes,no,cellular,886,4,unknown,yes
60,admin.,divorced,primary,no,8291,no,no,telephone,582,3,failure,yes
63,services,married,tertiary,no,6933,yes,no,telephone,574,2,unknown,no
69,blue-collar,single,secondary,no,12947,yes,no,cellular,445,3,success,yes
66,blue-collar,divorced,secondary,no,7198,yes,no,cellular,509,2,unknown,no
46,admin.,married,primary,no,-362,no,no,cellular,744,2,unknown,yes
44,admin.,single,tertiary,no,1683,yes,no,cellular,566,1,unknown,yes
32,blue-collar,divorced,primary,no,5334,yes,yes,telephone,602,1,unknown,no
49,management,single,tertiary,no,3935,yes,no,cellular,151,5,unknown,no
24,technician,single,secondary,no,7128,yes,no,telephone,339,6,unknown,yes
54,entrepreneur,single,primary,no,780,no,no,cellular,409,3,unknown,no
62,services,single,secondary,no,8242,no,yes,cellular,655,4,unknown,yes
42,services,single,secondary,yes,8448,yes,no,cellular,144,2,failure,yes
39,services,married,secondary,no,648,no,no,cellular,50,3,unknown,no
19,admin.,single,secondary,no,4964,no,no,cellular,83,4,unknown,no
30,admin.,divorced,secondary,no,1032,yes,no,telephone,1189,1,failure,yes
22,entrepreneur,married,primary,no,-92,no,no,telephone,864,1,success,yes
28,blue-collar,married,primary,no,4519,yes,yes,cellular,491,3,unknown,no
26,technician,married,primary,no,6009,yes,no,cellular,582,1,unknown,no
60,admin.,divorced,secondary,no,12988,yes,no,cellular,799,5,unknown,yes
44,retired,married,primary,no,1638,yes,yes,telephone,644,6,unknown,no
61,technician,married,secondary,no,5383,no,no,telephone,105,2,unknown,no
25,retired,divorced,tertiary,no,989,yes,no,telephone,614,6,unknown,yes
44,management,married,tertiary,no,13898,no,no,telephone,289,2,unknown,no
18,management,married,secondary,no,7875,no,no,cellular,1186,1,unknown,yes
57,technician,single,secondary,no,324,yes,no,cellular,834,5,success,yes
30,retired,single,secondary,no,7853,yes,no,cellular,1062,2,unknown,yes
51,entrepreneur,married,secondary,no,1925,no,yes,cellular,370,2,failure,no
65,technician,single,secondary,no,-476,no,no,cellular,154,1,unknown,no
33,management,divorced,tertiary,no,6929,yes,yes,cellular,36,5,unknown,no
54,blue-collar,single,secondary,no,12579,yes,no,cellular,817,5,failure,yes
70,services,single,tertiary,no,14799,yes,no,telephone,121,4,unknown,no
39,management,divorced,primary,no,13698,no,no,telephone,825,2,unknown,yes
56,management,divorced,primary,no,1445,no,no,cellular,942,1,other,yes
23,retired,single,tertiary,no,10080,yes,no,cellular,662,2,success,yes
34,admin.,single,secondary,no,11995,yes,no,cellular,944,3,unknown,yes
56,management,married,tertiary,no,3978,no,no,cellular,139,1,unknown,yes
59,admin.,single,tertiary,no,14413,yes,no,cellular,485,5,unknown,no
36,admin.,single,secondary,no,8197,yes,no,telephone,566,6,unknown,yes
32,retired,divorced,primary,no,2117,no,no,telephone,65,1,unknown,no
24,technician,divorced,tertiary,no,8494,yes,no,cellular,391,6,success,yes
19,management,divorced,secondary,no,19,yes,no,cellular,143,3,unknown,yes
23,technician,divorced,primary,no,7008,yes,yes,cellular,440,2,unknown,no
58,entrepreneur,single,secondary,no,-19,no,no,telephone,53,4,failure,no
38,services,divorced,secondary,no,11385,yes,no,cellular,325,4,unknown,yes
58,management,married,primary,no,943,yes,yes,telephone,449,6,unknown,no
34,services,married,tertiary,no,861,yes,no,cellular,364,3,failure,no
26,self-employed,divorced,primary,no,-438,yes,no,telephone,749,6,failure,no
26,management,single,tertiary,no,13981,no,no,telephone,1075,3,failure,yes
47,blue-collar,divorced,primary,no,9971,yes,yes,telephone,252,5,unknown,no
37,technician,single,primary,no,3954,no,no,telephone,888,6,failure,yes
25,technician,single,secondary,no,6591,no,no,telephone,365,3,unknown,no
19,entrepreneur,divorced,tertiary,no,4137,no,yes,cellular,237,6,failure,no
30,blue-collar,divorced,primary,no,-459,no,no,telephone,491,3,unknown,no
50,technician,divorced,primary,no,4042,no,no,cellular,859,4,unknown,no
40,blue-collar,single,primary,no,2137,no,no,cellular,601,1,failure,yes
19,blue-collar,divorced,secondary,no,9515,no,no,cellular,520,4,unknown,no
59,entrepreneur,single,primary,no,523,no,no,telephone,1157,5,unknown,no
21,blue-collar,single,secondary,no,-284,yes,no,telephone,269,2,unknown,no
65,blue-collar,divorced,secondary,no,8589,yes,no,cellular,824,2,failure,no
61,admin.,divorced,tertiary,no,9032,no,no,telephone,1102,3,other,no
58,blue-collar,single,primary,no,5082,yes,no,cellular,76,4,other,no
61,self-employed,divorced,tertiary,yes,1754,no,no,cellular,494,4,unknown,no
45,admin.,divorced,tertiary,no,12266,no,no,cellular,295,2,unknown,no
55,entrepreneur,married,secondary,no,1476,yes,no,cellular,112,4,other,no
24,admin.,single,secondary,no,10538,no,no,telephone,983,5,unknown,yes
34,management,single,primary,no,5975,no,no,cellular,830,5,unknown,no
56,entrepreneur,divorced,secondary,no,3752,yes,no,telephone,936,6,unknown,yes
57,blue-collar,single,tertiary,no,14481,no,no,cellular,213,3,unknown,yes
44,management,single,secondary,no,7369,no,no,telephone,125,6,unknown,no
68,technician,married,primary,no,10884,yes,no,cellular,310,3,unknown,yes
22,services,single,primary,no,1255,no,no,cellular,61,3,other,yes
24,retired,single,secondary,no,5475,no,no,telephone,625,4,failure,yes
60,retired,single,secondary,no,1031,yes,yes,cellular,595,4,unknown,no
27,self-employed,divorced,tertiary,no,13516,no,no,cellular,1160,3,unknown,no
25,technician,divorced,primary,no,14370,yes,no,cellular,509,5,unknown,no
50,blue-collar,married,secondary,no,5666,no,no,telephone,359,2,failure,yes
36,management,married,tertiary,no,5558,no,no,telephone,989,2,unknown,yes
24,admin.,married,primary,no,7692,yes,no,telephone,1014,5,success,yes
48,admin.,single,primary,no,4528,no,no,cellular,935,3,failure,no
50,retired,divorced,secondary,no,5780,yes,no,telephone,561,4,unknown,no
27,self-employed,single,tertiary,no,4419,no,no,telephone,543,2,unknown,no
42,services,single,secondary,no,13584,no,no,telephone,456,6,unknown,no
48,entrepreneur,divorced,primary,no,1554,yes,no,telephone,136,4,other,no
69,management,divorced,tertiary,no,9188,no,no,telephone,788,2,unknown,yes
19,technician,married,primary,no,11660,yes,no,telephone,908,3,failure,yes
61,retired,married,secondary,no,7260,yes,no,telephone,724,3,unknown,yes
22,admin.,single,tertiary,no,13345,yes,no,telephone,296,4,failure,no
63,technician,single,tertiary,no,1192,yes,yes,telephone,789,6,other,yes
25,self-employed,single,secondary,no,12270,yes,no,telephone,263,3,unknown,no
54,services,single,secondary,no,1196,no,no,cellular,454,5,other,yes
19,technician,divorced,secondary,no,8816,no,yes,telephone,407,6,unknown,no
22,admin.,married,tertiary,no,670,yes,no,cellular,472,1,unknown,yes
67,admin.,married,tertiary,yes,39,yes,no,cellular,876,4,unknown,no
42,services,single,secondary,no,4065,no,no,cellular,1167,1,unknown,no
20,entrepreneur,married,secondary,no,13933,yes,no,telephone,252,6,unknown,no
32,technician,married,tertiary,no,11920,yes,no,cellular,357,5,unknown,yes
40,admin.,married,tertiary,no,474,yes,no,telephone,956,4,unknown,no
47,technician,divorced,tertiary,no,2865,no,no,telephone,77,4,failure,no
52,entrepreneur,married,primary,no,7612,no,no,cellular,377,1,unknown,no
24,technician,divorced,primary,no,12142,yes,no,telephone,517,5,unknown,yes
54,admin.,divorced,primary,no,2070,yes,no,cellular,384,1,success,yes
22,admin.,single,secondary,no,12695,yes,no,cellular,262,5,other,no
39,management,married,tertiary,no,47,yes,no,telephone,456,5,unknown,no
30,technician,married,primary,no,2174,no,yes,cellular,740,5,failure,yes
59,services,single,primary,no,12421,yes,no,cellular,147,4,failure,no
43,retired,divorced,tertiary,no,424,yes,no,telephone,852,2,unknown,yes
55,retired,married,primary,no,-257,yes,no,telephone,220,5,unknown,no
57,blue-collar,divorced,primary,no,6812,yes,no,telephone,792,2,failure,yes
45,management,married,secondary,no,13476,yes,no,telephone,814,1,other,yes
19,entrepreneur,single,secondary,no,3244,yes,no,cellular,1121,3,unknown,yes
21,services,single,tertiary,no,5297,no,no,telephone,50,3,unknown,no
67,technician,single,tertiary,no,4407,yes,no,telephone,1023,5,unknown,yes
47,technician,married,tertiary,no,13589,yes,no,cellular,550,6,failure,yes
52,blue-collar,divorced,primary,no,-379,yes,no,telephone,114,4,unknown,no
54,services,single,primary,no,9148,no,no,telephone,225,3,other,no
28,retired,married,tertiary,no,4248,no,no,telephone,1061,3,failure,yes
65,technician,married,tertiary,no,12504,yes,no,cellular,66,6,unknown,no
26,technician,married,secondary,no,13627,no,no,telephone,194,5,unknown,no
29,technician,married,primary,no,8237,yes,no,telephone,374,3,unknown,no
30,management,single,tertiary,yes,13444,no,no,cellular,590,1,unknown,no
56,admin.,single,tertiary,no,6340,yes,no,telephone,111,2,unknown,yes
39,admin.,divorced,secondary,no,2532,yes,no,cellular,68,6,unknown,no
65,blue-collar,divorced,primary,no,12001,yes,no,cellular,358,3,failure,yes
55,services,married,primary,no,6379,no,no,cellular,974,4,unknown,yes
35,entrepreneur,single,tertiary,no,13114,no,no,telephone,295,4,unknown,no
63,retired,single,primary,no,3239,yes,no,telephone,214,4,failure,no
32,blue-collar,single,primary,no,1378,yes,no,telephone,609,6,unknown,yes
26,services,divorced,primary,no,4022,no,no,cellular,971,2,unknown,yes
42,retired,married,secondary,no,11821,yes,no,cellular,544,5,unknown,no
20,management,married,primary,no,13563,yes,no,telephone,70,1,failure,no
57,services,single,secondary,no,174,no,no,cellular,941,3,unknown,yes
67,self-employed,single,primary,no,6518,no,no,telephone,553,4,unknown,no
28,retired,married,tertiary,no,3192,yes,no,telephone,1175,5,unknown,yes
29,services,divorced,secondary,no,3861,yes,yes,cellular,724,2,unknown,yes
38,self-employed,divorced,secondary,no,5903,no,no,cellular,96,5,failure,no
22,management,divorced,secondary,no,7507,no,no,cellular,631,2,unknown,no
51,management,married,primary,no,5991,no,yes,telephone,749,4,unknown,yes
47,technician,divorced,secondary,no,6121,no,no,cellular,783,6,unknown,yes
51,retired,divorced,tertiary,no,49,no,yes,telephone,371,5,failure,yes
51,management,married,primary,no,10146,no,no,cellular,624,2,unknown,no
45,admin.,married,primary,no,3562,yes,no,cellular,462,1,unknown,no
60,services,single,secondary,no,12467,no,yes,cellular,404,6,unknown,yes
48,management,single,tertiary,yes,7886,yes,no,telephone,703,2,unknown,yes
56,admin.,married,secondary,no,8882,yes,no,cellular,1084,6,unknown,no
66,self-employed,married,primary,no,4659,no,no,cellular,649,5,unknown,no
62,self-employed,single,secondary,no,8691,yes,no,cellular,1146,4,unknown,yes
44,entrepreneur,single,primary,no,11993,yes,no,cellular,1001,2,success,yes
29,blue-collar,divorced,tertiary,no,14745,yes,yes,cellular,887,6,unknown,no
31,services,married,primary,no,14481,no,no,telephone,567,2,unknown,yes
19,services,divorced,tertiary,no,10755,no,no,cellular,516,3,unknown,no
56,admin.,single,secondary,no,8766,no,no,cellular,809,5,unknown,yes
70,self-employed,single,primary,no,9449,yes,no,telephone,505,5,other,no
35,services,single,tertiary,no,13779,no,no,cellular,984,6,unknown,yes
50,admin.,married,tertiary,no,10000,yes,no,cellular,733,6,unknown,no
66,admin.,single,secondary,no,3638,no,no,cellular,1076,1,unknown,yes
46,admin.,single,secondary,no,9315,no,no,telephone,117,4,other,no
50,admin.,divorced,tertiary,no,13573,yes,no,cellular,1112,2,unknown,yes
29,management,married,tertiary,no,-6,no,yes,cellular,1087,5,unknown,no
54,technician,divorced,tertiary,no,4015,yes,no,cellular,896,5,unknown,no
42,blue-collar,single,secondary,no,1669,yes,yes,cellular,64,2,unknown,no
58,technician,married,primary,no,13956,yes,no,telephone,811,6,unknown,yes
39,self-employed,single,primary,no,11555,no,no,cellular,640,2,unknown,yes
44,admin.,divorced,primary,no,2059,no,no,cellular,48,2,unknown,no
46,entrepreneur,divorced,primary,no,5672,no,no,cellular,631,2,unknown,yes
66,management,single,secondary,no,10942,no,no,cellular,1121,4,failure,no
35,admin.,single,secondary,no,3956,no,no,cellular,273,3,other,no
49,services,divorced,secondary,no,11170,yes,no,cellular,290,2,unknown,no
69,self-employed,divorced,tertiary,no,6180,yes,yes,telephone,665,5,failure,no
60,technician,single,tertiary,no,3703,yes,no,cellular,369,4,unknown,yes
42,entrepreneur,married,primary,no,14760,no,no,cellular,736,4,unknown,yes
56,technician,divorced,tertiary,no,11526,yes,no,telephone,848,5,unknown,no
46,technician,married,secondary,yes,1489,yes,no,cellular,1101,3,other,no
24,retired,single,tertiary,no,2606,no,no,cellular,288,4,unknown,yes
22,management,married,primary,no,10284,no,no,cellular,167,3,failure,no
20,management,divorced,tertiary,no,4423,yes,no,telephone,688,2,other,no
48,technician,single,tertiary,no,6623,no,no,telephone,638,2,failure,yes
62,technician,married,primary,no,11123,no,yes,cellular,508,3,failure,yes
49,entrepreneur,married,tertiary,no,1176,no,no,telephone,286,5,success,no
52,admin.,divorced,secondary,no,1657,no,yes,telephone,533,6,success,yes
44,entrepreneur,single,tertiary,no,4959,no,no,telephone,43,3,unknown,no
49,management,single,tertiary,no,3195,no,no,telephone,676,4,unknown,yes
49,self-employed,single,tertiary,no,7631,no,no,cellular,888,1,failure,no
29,admin.,single,tertiary,no,9691,no,no,cellular,436,5,unknown,yes
20,services,married,tertiary,no,4315,no,no,telephone,616,5,unknown,no
49,entrepreneur,single,secondary,no,8257,yes,yes,cellular,675,1,other,no
62,self-employed,married,secondary,no,11903,no,no,cellular,1171,3,unknown,yes
60,technician,divorced,tertiary,no,3890,yes,no,telephone,105,5,failure,no
40,admin.,married,secondary,no,795,no,no,telephone,955,3,unknown,no
43,retired,single,tertiary,no,14603,yes,no,telephone,35,1,unknown,no
69,admin.,divorced,secondary,no,4607,yes,no,cellular,539,5,other,no
27,technician,single,tertiary,no,2924,no,no,cellular,111,2,unknown,no
52,entrepreneur,divorced,secondary,no,10860,no,no,cellular,340,4,unknown,no
39,blue-collar,married,secondary,no,11121,no,no,cellular,731,6,unknown,yes
30,self-employed,married,secondary,no,7743,no,no,telephone,1028,1,unknown,no
53,self-employed,single,tertiary,no,10632,no,no,cellular,1137,6,failure,yes
36,services,single,primary,no,13527,no,no,telephone,235,1,unknown,no
39,admin.,married,primary,no,3448,yes,yes,telephone,96,3,success,no
61,technician,single,primary,no,9340,no,no,telephone,1007,3,unknown,yes
48,admin.,divorced,tertiary,no,12157,yes,no,cellular,193,4,failure,no
65,blue-collar,divorced,tertiary,no,3495,no,no,telephone,823,4,unknown,yes
33,retired,divorced,tertiary,no,-455,yes,no,cellular,817,1,failure,yes
26,retired,married,tertiary,no,-403,yes,no,telephone,129,3,other,no
33,admin.,married,secondary,no,13086,yes,yes,cellular,908,3,failure,yes
55,blue-collar,single,primary,no,9205,yes,no,cellular,89,2,unknown,yes
34,retired,single,tertiary,no,14946,yes,no,telephone,780,2,other,yes
70,technician,married,primary,no,11240,yes,yes,telephone,744,4,success,yes
34,management,divorced,tertiary,no,218,yes,no,telephone,614,3,unknown,yes
53,admin.,divorced,tertiary,no,8478,no,no,telephone,1114,2,unknown,no
36,retired,married,secondary,no,2250,no,no,cellular,282,4,unknown,yes
62,entrepreneur,married,primary,no,12797,yes,no,cellular,664,5,unknown,yes
36,self-employed,divorced,primary,no,14275,no,yes,cellular,753,1,unknown,yes
22,retired,single,tertiary,yes,6728,yes,no,cellular,896,4,failure,yes
21,retired,divorced,secondary,no,5618,yes,no,cellular,458,2,unknown,yes
54,management,single,tertiary,no,3828,no,no,cellular,685,6,success,yes
55,admin.,married,tertiary,no,8882,no,yes,telephone,920,6,success,yes
43,services,married,secondary,no,1516,no,no,telephone,1043,3,unknown,yes
43,admin.,married,tertiary,no,12148,yes,no,telephone,1000,6,unknown,yes
18,blue-collar,divorced,primary,no,9387,yes,no,cellular,418,2,unknown,no
48,services,divorced,primary,no,13600,yes,no,cellular,1178,2,unknown,no
70,entrepreneur,married,secondary,no,9227,no,no,telephone,999,2,unknown,yes
32,retired,divorced,primary,no,3404,no,yes,cellular,544,6,success,yes
57,services,single,primary,no,4306,yes,no,telephone,174,5,unknown,yes
56,admin.,divorced,secondary,no,4760,no,no,telephone,730,2,other,yes
46,retired,married,tertiary,no,9696,yes,no,cellular,284,1,unknown,no
68,management,single,primary,no,2519,no,no,cellular,292,4,unknown,no
31,blue-collar,married,tertiary,no,53,no,no,telephone,1009,1,other,yes
31,retired,single,primary,no,66,yes,no,telephone,307,6,unknown,no
20,self-employed,divorced,secondary,no,1667,no,no,telephone,999,3,unknown,yes
44,technician,married,tertiary,no,13292,no,no,cellular,111,2,failure,yes
50,retired,divorced,secondary,no,12532,yes,no,cellular,609,5,unknown,yes
49,services,single,tertiary,no,9118,no,no,telephone,1139,6,unknown,no
68,blue-collar,married,tertiary,no,7791,yes,no,telephone,672,1,other,yes
69,services,single,secondary,no,6651,yes,yes,cellular,556,4,unknown,yes
63,blue-collar,divorced,primary,no,4223,no,no,telephone,63,1,unknown,yes
46,entrepreneur,divorced,tertiary,no,13847,yes,no,telephone,1049,3,unknown,no
58,technician,married,secondary,no,11731,yes,no,cellular,293,2,unknown,no
59,self-employed,single,secondary,no,13390,yes,no,cellular,817,6,unknown,no
62,management,divorced,tertiary,no,4512,yes,no,telephone,831,1,failure,yes
45,self-employed,divorced,secondary,no,12554,yes,no,cellular,37,5,other,no
30,entrepreneur,single,primary,no,472,no,yes,cellular,816,4,unknown,yes
38,retired,married,tertiary,no,7799,yes,no,telephone,1100,4,unknown,no
40,self-employed,married,primary,no,2320,yes,no,cellular,44,1,unknown,no
51,entrepreneur,divorced,primary,no,441,yes,no,telephone,552,3,unknown,yes
34,management,married,primary,no,9145,no,no,cellular,324,2,unknown,yes
52,entrepreneur,single,tertiary,no,13205,yes,no,cellular,160,4,unknown,no
30,admin.,divorced,secondary,no,3887,yes,no,telephone,154,2,unknown,no
64,admin.,divorced,tertiary,no,3159,yes,no,telephone,171,2,unknown,no
55,entrepreneur,divorced,primary,no,7292,no,no,telephone,306,3,unknown,yes
35,blue-collar,single,secondary,no,3928,yes,no,cellular,980,2,unknown,no
66,self-employed,married,tertiary,no,-268,no,no,cellular,544,6,unknown,yes
58,admin.,single,tertiary,no,-483,yes,no,telephone,331,6,other,no
69,services,single,secondary,no,9338,no,yes,telephone,65,4,unknown,no
20,services,single,tertiary,no,10395,yes,no,telephone,972,3,unknown,no
25,management,single,tertiary,no,11588,yes,no,cellular,442,1,unknown,no
26,retired,divorced,tertiary,no,10908,yes,no,cellular,1198,4,unknown,yes
32,technician,married,primary,no,5407,no,no,telephone,369,4,unknown,no
51,services,single,secondary,no,-460,yes,no,cellular,207,3,unknown,no
69,blue-collar,married,tertiary,no,4331,no,no,telephone,726,5,unknown,yes
55,admin.,married,primary,no,7039,no,no,telephone,273,4,unknown,no
19,technician,single,primary,no,13058,no,yes,telephone,677,3,other,yes
58,self-employed,single,tertiary,no,4096,no,no,telephone,561,1,unknown,yes
49,retired,married,primary,no,768,no,no,cellular,956,6,unknown,yes
40,blue-collar,married,secondary,no,8639,no,no,telephone,373,4,failure,yes
34,self-employed,married,primary,no,13610,yes,yes,telephone,846,1,unknown,yes
61,blue-collar,single,primary,no,12383,no,yes,telephone,210,5,other,no
27,entrepreneur,divorced,primary,no,1692,no,yes,telephone,44,4,unknown,no
56,admin.,single,primary,no,1661,yes,no,cellular,823,5,unknown,yes
35,entrepreneur,divorced,secondary,no,6940,no,no,telephone,120,4,unknown,no
57,entrepreneur,divorced,tertiary,no,2629,yes,no,cellular,1027,4,unknown,yes
28,services,single,secondary,no,9856,yes,no,telephone,931,6,other,yes
59,blue-collar,divorced,secondary,no,10567,no,no,telephone,603,3,unknown,yes
50,services,single,primary,no,4555,no,no,cellular,342,2,success,yes
21,services,married,tertiary,no,1365,yes,no,cellular,106,5,unknown,no
46,self-employed,divorced,primary,no,1828,yes,no,telephone,761,4,unknown,yes
